Nothing,result.hash,Block,Unitx,DateTime,result.from,result.to,Quantity,Method,FileName
,0x647752301996fe8da0f89836a6f30b734109c8431d823e52b18c08973785f3f8,13756432,1638850692,12/7/2021 4:18,0x9ac681f68a589cc3763bad9ce43be3380696b136,0x9d582343680f22df1fd1959656a0409718635ad9,5.8,ETH,12062021-Present.csv
,0x64dbcaf4131e14190235ade7d657a1ecab1ce2bafcf59839009ad133388dc62c,13756890,1638856670,12/7/2021 5:57,0x24dbedb4699eb996a8ceb2baef4a4ae057cf0294,0x0780c2657280dbe33abf504b40dfd50277da55a2,25,ETH,12062021-Present.csv
,0x725821e440eef45984f13762f08228b35525ad17cd9b0ad074be43e01c624da4,13756952,1638857536,12/7/2021 6:12,0xbc5f85d81f1377a887240c7f04ed71b7f61e6a63,0x64bab51f2df0142a9f6d297b90511d8e9182ca82,58,ETH,12062021-Present.csv
,0x34def13f4c9ae4e570aaf95d84eee0b013c09bb65576e9e59fa41c6a24f3b209,13756987,1638857953,12/7/2021 6:19,0xfa35113163bfd33c18a01d1a62d4d14a1ed30a42,0x40ec5b33f54e0e8a33a975908c5ba1c14e5bbbdf,364.05656,ETH,12062021-Present.csv
,0x241c8fbec802909402d5e90148137c9686c3fbc82730c82506ba24e6eb2ce5f4,13757008,1638858219,12/7/2021 6:23,0x9ac681f68a589cc3763bad9ce43be3380696b136,0xe66b31678d6c16e9ebf358268a790b763c133750,11.56506611,ETH,12062021-Present.csv
,0x241c8fbec802909402d5e90148137c9686c3fbc82730c82506ba24e6eb2ce5f4,13757008,1638858219,12/7/2021 6:23,0xe66b31678d6c16e9ebf358268a790b763c133750,0x6b83faad7a9d90a9a48f754c59e60e935c8f5b2b,11.56506611,ETH,12062021-Present.csv
,0x7862212fb6aac2034d795ff701b7c83a421c43e23c7d4963f366d69a0598a9e8,13757019,1638858400,12/7/2021 6:26,0x8e2930c8adc32ebac9a147b5381d80eef128e7f0,0xbe9b9c6356303006903bf81cd25d9943ecd77976,512.7509371,ETH,12062021-Present.csv
,0x466ad30a6c63beea0d96c544a48e4696d26bc5433ef602d2845b4f7ba17a6712,13757064,1638859090,12/7/2021 6:38,0x24dbedb4699eb996a8ceb2baef4a4ae057cf0294,0xfa35113163bfd33c18a01d1a62d4d14a1ed30a42,124.7558143,ETH,12062021-Present.csv
,0xaff580e54f5656f6b7934a808ee3480be80eeb2d986b76f5e09d1f3564432292,13757155,1638860358,12/7/2021 6:59,0x9ac681f68a589cc3763bad9ce43be3380696b136,0xae6b004672e3a9f64a8418e1a7014ad62fa80d91,9,ETH,12062021-Present.csv
,0xc6481dd1707624617d206e850f40ce1a1d6e9ef50210aa5a169e09996f465e15,13757380,1638863491,12/7/2021 7:51,0x64bab51f2df0142a9f6d297b90511d8e9182ca82,0xaae61803c65206a09aae555ce37e5d6f50cbd423,58,ETH,12062021-Present.csv
,0x4ea4117112d9856d6e466bf4a173fe4cece36d1304e753f6bf4c65faa5cc48f3,13757490,1638865078,12/7/2021 8:17,0x84383fb05f610222430f69727aa638f8fdbf5cc1,0xd3ed83f2950c303842debd1348ed189e395d4f65,406.3224203,ETH,12062021-Present.csv
,0x4ea4117112d9856d6e466bf4a173fe4cece36d1304e753f6bf4c65faa5cc48f3,13757490,1638865078,12/7/2021 8:17,0x24dbedb4699eb996a8ceb2baef4a4ae057cf0294,0xd3ed83f2950c303842debd1348ed189e395d4f65,244.6055143,ETH,12062021-Present.csv
,0x4ea4117112d9856d6e466bf4a173fe4cece36d1304e753f6bf4c65faa5cc48f3,13757490,1638865078,12/7/2021 8:17,0x9ac681f68a589cc3763bad9ce43be3380696b136,0xd3ed83f2950c303842debd1348ed189e395d4f65,165.6381927,ETH,12062021-Present.csv
,0x110c3883b87f5e3d6f7160f2e9213988a1a65913dfafde919610ce74a1c27c73,13757596,1638866836,12/7/2021 8:47,0xa159b7198f53468a05ff517ba5338e1878dd5e98,0x74de5d4fcbf63e00296fd95d33236b9794016631,54.61483692,ETH,12062021-Present.csv
,0x110c3883b87f5e3d6f7160f2e9213988a1a65913dfafde919610ce74a1c27c73,13757596,1638866836,12/7/2021 8:47,0x74de5d4fcbf63e00296fd95d33236b9794016631,0x9ac681f68a589cc3763bad9ce43be3380696b136,54.61483692,ETH,12062021-Present.csv
,0xbd31d5b83f3417ae7baa5438064c74ef8a83e607a194059ff1459bad1828e7e5,13758005,1638872838,12/7/2021 10:27,0x2ba838e42126ac349d01c3d1fac85a36266151a4,0x9008d19f58aabd9ed0d60971565aa8510560ab41,30,ETH,12062021-Present.csv
,0xbd31d5b83f3417ae7baa5438064c74ef8a83e607a194059ff1459bad1828e7e5,13758005,1638872838,12/7/2021 10:27,0x9008d19f58aabd9ed0d60971565aa8510560ab41,0x24dbedb4699eb996a8ceb2baef4a4ae057cf0294,28.20971772,ETH,12062021-Present.csv
,0x58989935e44e575dcf379a8a6475b429b2e4f287c3f910a1b356805a046e5685,13758082,1638873990,12/7/2021 10:46,0x5fd58fcbba8b3d46e6767da138decebe54db38e5,0xbe9b9c6356303006903bf81cd25d9943ecd77976,121.5978726,ETH,12062021-Present.csv
,0x4f2480332e299caf101724ea9753ddd3e9fb1fe4830f2bcac437add3835cb235,13758225,1638875929,12/7/2021 11:18,0x7e768659507f16e1b70f54f8b805ef729e1b3e9e,0xbe9b9c6356303006903bf81cd25d9943ecd77976,500,ETH,12062021-Present.csv
,0xb5539b0f8276adc85f3f9bda475926915d64bbe5638bb7e25d1ba856e4ca7c60,13758322,1638877164,12/7/2021 11:39,0xc8d2aaba076bc96505f6442d37deaa583295d030,0x00000000008c4fb1c916e0c88fd4cc402d935e7d,104.0301887,ETH,12062021-Present.csv
,0x84947d407c0da0ba1dc834c4d3ab6fc9380d5332713244f8ae140c65502fa656,13758322,1638877164,12/7/2021 11:39,0xc8d2aaba076bc96505f6442d37deaa583295d030,0xba53c072ec56a4abfaccd6d36d81d7ecd4f3485d,61.13066106,ETH,12062021-Present.csv
,0x401164de8632ca46a3fdf79aa5f6b60e71035e32f6f4291310f0d9b06c5b8d45,13758322,1638877164,12/7/2021 11:39,0x00000000008c4fb1c916e0c88fd4cc402d935e7d,0xc8d2aaba076bc96505f6442d37deaa583295d030,104.0301887,ETH,12062021-Present.csv
,0x6e2d5d59768c722c111222ead4a807c1a699a4721f45e151b44e1dc1136adf17,13758374,1638877826,12/7/2021 11:50,0x9ac681f68a589cc3763bad9ce43be3380696b136,0xf3b6586d2e5e345294d02e191c3d960fc43e60f6,369.1341005,ETH,12062021-Present.csv
,0x369a8975f0d2a8783cb58bf151c732f5422dcc5612deef118b47978f1f6d8b61,13758374,1638877826,12/7/2021 11:50,0x9ac681f68a589cc3763bad9ce43be3380696b136,0xba53c072ec56a4abfaccd6d36d81d7ecd4f3485d,39.12917743,ETH,12062021-Present.csv
,0x2ea7c2519d392309d64aa816835690ad06773695f9b515e001fb48552437d4e4,13758374,1638877826,12/7/2021 11:50,0xf3b6586d2e5e345294d02e191c3d960fc43e60f6,0x9ac681f68a589cc3763bad9ce43be3380696b136,369.1341005,ETH,12062021-Present.csv
,0xcfe7644b2d64c4b236f520995530acf8fec96e64b2abf02d953220976f5b49e2,13758387,1638877981,12/7/2021 11:53,0x84383fb05f610222430f69727aa638f8fdbf5cc1,0x0e5f005c6ac5f17f4d3b638d0e26429e2a84602c,209.5429737,ETH,12062021-Present.csv
,0xa792d1b3cfb6479ea8cc1019c59df9dda06e4b0f9ce2559d97da4ac5089103b4,13758456,1638879043,12/7/2021 12:10,0x0e5f005c6ac5f17f4d3b638d0e26429e2a84602c,0xbe9b9c6356303006903bf81cd25d9943ecd77976,409.5429737,ETH,12062021-Present.csv
,0x43e98c8e1915bd7d333cab3e7f90073852ccd12e5f6ebdb0612be27be2ae275b,13758737,1638883116,12/7/2021 13:18,0x20692024505ad7a8f34d80d92af4973e2da1156c,0xbe9b9c6356303006903bf81cd25d9943ecd77976,1546.414926,ETH,12062021-Present.csv
,0x855480821604752b9cf45dcc4412a917cd92b684e6c2c6d0d74a71e01a22aa2e,13758779,1638883610,12/7/2021 13:26,0x7cd55264f5b7d79f71e77476af0fc608c5f89fd9,0xec34f72ce5ca56145bb9ce3e4c5c9b5d9ba6f003,32.48113445,ETH,12062021-Present.csv
,0x03f31cc7d12f1a4c3048c8392ec948546c2976c544f7c42143f5872a9acc00c6,13758808,1638883998,12/7/2021 13:33,0xbe9b9c6356303006903bf81cd25d9943ecd77976,0xff5719526ff0ba0150753d048a99c8d655262ca0,106.7189734,ETH,12062021-Present.csv
,0x3280723af9f63fbe96e8061d68a06d3b811ac92e965af7b3a8620ec7779f3f9e,13759210,1638889409,12/7/2021 15:03,0xc564ee9f21ed8a2d8e7e76c085740d5e4c5fafbe,0x8176d7b793a73626880bc43dfd9a9f97d338ca88,90.6163,ETH,12062021-Present.csv
,0x64fae3eb8b11c1e7833351b25e05e15576e5ce333ea20521fdf671170df8a1af,13759213,1638889452,12/7/2021 15:04,0x8176d7b793a73626880bc43dfd9a9f97d338ca88,0x24dbedb4699eb996a8ceb2baef4a4ae057cf0294,90.6165957,ETH,12062021-Present.csv
,0x3b81fa9c824123d0d578c4e861993fb566d31e7e056adf57a385e4cd4dd4a8d9,13759235,1638889829,12/7/2021 15:10,0xff5719526ff0ba0150753d048a99c8d655262ca0,0x0f19dfb9cf262a6305647e595d35980b1940d765,106.7189734,ETH,12062021-Present.csv
,0x29f7838ebd65384fc2ac7f1ec669942ae9d1afc71c4892a29710161a6f0e728e,13759285,1638890460,12/7/2021 15:21,0x610acd257a5cc1d09636763c99867be57aaa6e69,0x382ffce2287252f930e1c8dc9328dac5bf282ba1,0.654824416,ETH,12062021-Present.csv
,0x29f7838ebd65384fc2ac7f1ec669942ae9d1afc71c4892a29710161a6f0e728e,13759285,1638890460,12/7/2021 15:21,0x610acd257a5cc1d09636763c99867be57aaa6e69,0xe66b31678d6c16e9ebf358268a790b763c133750,64.82761715,ETH,12062021-Present.csv
,0x29f7838ebd65384fc2ac7f1ec669942ae9d1afc71c4892a29710161a6f0e728e,13759285,1638890460,12/7/2021 15:21,0xe66b31678d6c16e9ebf358268a790b763c133750,0x84383fb05f610222430f69727aa638f8fdbf5cc1,64.82761715,ETH,12062021-Present.csv
,0x8b55b2c6976e3a633f913c37ceb774ad0c7af5856e6d4463be132b3ea6c4ddc8,13759574,1638894634,12/7/2021 16:30,0xbe9b9c6356303006903bf81cd25d9943ecd77976,0x50c9add63c1a22067fe86c347996117f402f6633,1402.357167,ETH,12062021-Present.csv
,0x8b55b2c6976e3a633f913c37ceb774ad0c7af5856e6d4463be132b3ea6c4ddc8,13759574,1638894634,12/7/2021 16:30,0xbe9b9c6356303006903bf81cd25d9943ecd77976,0x50c9add63c1a22067fe86c347996117f402f6633,6.37167212,ETH,12062021-Present.csv
,0x04e6234849e689d47dd8d0b17eadb08e130cf21e98a9c23940bcd5f95b592129,13759763,1638897104,12/7/2021 17:11,0xd787001237818c10614bc6cef5d39ccb0348a9da,0x9008d19f58aabd9ed0d60971565aa8510560ab41,27.36499772,ETH,12062021-Present.csv
,0x04e6234849e689d47dd8d0b17eadb08e130cf21e98a9c23940bcd5f95b592129,13759763,1638897104,12/7/2021 17:11,0x9008d19f58aabd9ed0d60971565aa8510560ab41,0x84383fb05f610222430f69727aa638f8fdbf5cc1,24.74684604,ETH,12062021-Present.csv
,0xedb5eaa2332b7b6cdbe7ee4bbe5b0309100baa9778989a8a3fb07edd632a3adb,13759780,1638897396,12/7/2021 17:16,0xe2e3397cf0841fffb9774d5c385e51cb7b2893ea,0x533e3c0e6b48010873b947bddc4721b1bdff9648,5.21113,ETH,12062021-Present.csv
,0x04641727e492b57f4d9e3099a9d6b1ba7c22f085622ea010a6866b7972a00013,13760092,1638901387,12/7/2021 18:23,0x24dbedb4699eb996a8ceb2baef4a4ae057cf0294,0x84383fb05f610222430f69727aa638f8fdbf5cc1,130.0658438,ETH,12062021-Present.csv
,0x00d97d9d98836fff2741e91411675c1124c2d2e95393e91d9e45dec8bbb4c5b6,13760095,1638901448,12/7/2021 18:24,0xe76753910b631ace1412ede7d88e7a73779ca35f,0x40ec5b33f54e0e8a33a975908c5ba1c14e5bbbdf,10,ETH,12062021-Present.csv
,0x7ff2a56875a16f638dfb3988e075ece4f28a4637d8edd22b702852794bc5600e,13760390,1638905312,12/7/2021 19:28,0x9ac681f68a589cc3763bad9ce43be3380696b136,0xb8ec659a5b66e4b76e598dd80c6684928fb08c5c,7.029091015,ETH,12062021-Present.csv
,0x38ecfa8cac4b13121a2fb87ba71a474c109353d4b8354c21f043887624f440bc,13760453,1638906131,12/7/2021 19:42,0xba53c072ec56a4abfaccd6d36d81d7ecd4f3485d,0x84383fb05f610222430f69727aa638f8fdbf5cc1,100.2598385,ETH,12062021-Present.csv
,0x70967d5c8ba48c6abf587f9a7cc846c9dd8050561a95361bd862faaf0ee7a1f9,13760504,1638906849,12/7/2021 19:54,0x503309ef58abf9132a665c9b87fc007e6fd0ced0,0x84383fb05f610222430f69727aa638f8fdbf5cc1,333,ETH,12062021-Present.csv
,0x70967d5c8ba48c6abf587f9a7cc846c9dd8050561a95361bd862faaf0ee7a1f9,13760504,1638906849,12/7/2021 19:54,0x503309ef58abf9132a665c9b87fc007e6fd0ced0,0x24dbedb4699eb996a8ceb2baef4a4ae057cf0294,233.1,ETH,12062021-Present.csv
,0x70967d5c8ba48c6abf587f9a7cc846c9dd8050561a95361bd862faaf0ee7a1f9,13760504,1638906849,12/7/2021 19:54,0x503309ef58abf9132a665c9b87fc007e6fd0ced0,0x9ac681f68a589cc3763bad9ce43be3380696b136,99.9,ETH,12062021-Present.csv
,0xee370d287a9483b8f48401457b7a00a0a3b7b7169d603d8b3f2b713e22c3f43f,13760521,1638907104,12/7/2021 19:58,0x24dbedb4699eb996a8ceb2baef4a4ae057cf0294,0x83c1fd28999a2992da5f438a12dfe5617eff5507,43.3,ETH,12062021-Present.csv
,0x5ad7ff6621bc73efefbf330f9eb8c37151fc8c30e3c5d8e91e051d441e7cb3c7,13761077,1638914808,12/7/2021 22:06,0x40ec5b33f54e0e8a33a975908c5ba1c14e5bbbdf,0xfff758bceb9bbb8828af20d03f4de38e1bd8d817,1345.916171,ETH,12062021-Present.csv
,0x45eba499066f46be96794da15833d96a667f3825f3eb414f66668e3a87a6ffd6,13761158,1638915931,12/7/2021 22:25,0x5046e31dce0a587e4a34171e709ecbd0e78367a7,0xb8049acf3ba2fb2501482d08b6993d7d9668e949,17.52943921,ETH,12062021-Present.csv
,0x88df198986d2e18babcfd98bbf68d884eef5bafcc755bb0d393e2deea700b9f0,13761332,1638918208,12/7/2021 23:03,0xbe9b9c6356303006903bf81cd25d9943ecd77976,0x1cb4d81623603ad915ba007a0448f9eb48ab70e6,7.191398473,ETH,12062021-Present.csv
,0x92358b0d4a438bbebaef1aa9b8aa92aa131457b825c601ab1d2572d11983aedd,13761504,1638920800,12/7/2021 23:46,0xfff758bceb9bbb8828af20d03f4de38e1bd8d817,0x3ee18b2214aff97000d974cf647e7c347e8fa585,1345.916171,ETH,12062021-Present.csv
,0xed5310aa7dc6da8e36a6991a2659545cb4fb9b4585c55cfa65d7593054fa07ec,13762040,1638928253,12/8/2021 1:50,0xbe9b9c6356303006903bf81cd25d9943ecd77976,0x8a5897cbe9fea71484029e1859f530178fc5438e,37.08188983,ETH,12062021-Present.csv
,0xed5310aa7dc6da8e36a6991a2659545cb4fb9b4585c55cfa65d7593054fa07ec,13762040,1638928253,12/8/2021 1:50,0xbe9b9c6356303006903bf81cd25d9943ecd77976,0x8a5897cbe9fea71484029e1859f530178fc5438e,0.899100764,ETH,12062021-Present.csv
,0xa52e05303624bd24a7467df89af5603b6004196cd58a7c1878a040fab8960732,13762274,1638931692,12/8/2021 2:48,0xd5434da8209c9453ea7646ab4e9757c5c9271a69,0xbe9b9c6356303006903bf81cd25d9943ecd77976,448.0984692,ETH,12062021-Present.csv
,0xbd13d360fe39ded8ec8fb33ee1ae318118c27f35138127f849faa151d676c3ff,13762400,1638933340,12/8/2021 3:15,0x9ac681f68a589cc3763bad9ce43be3380696b136,0xd12d8b2f0480bf87d75a2559a397f486ed8eb026,55.396,ETH,12062021-Present.csv
,0x08f6f0c1b35ab462f6eaa8dc3f20f55302b598b0dc252b06ffe9ee36f2486607,13762557,1638935410,12/8/2021 3:50,0x84383fb05f610222430f69727aa638f8fdbf5cc1,0xd59582c68f938c01bf1d6955bb9d113a35a3263b,48.42527829,ETH,12062021-Present.csv
,0x3dbdb8828a6efc95b6fcf7517d29f9e2237bf5795c5faf194bb4a21688487a0e,13762557,1638935410,12/8/2021 3:50,0x24dbedb4699eb996a8ceb2baef4a4ae057cf0294,0xc36442b4a4522e871399cd717abdd847ab11fe88,213.8978182,ETH,12062021-Present.csv
,0x3dbdb8828a6efc95b6fcf7517d29f9e2237bf5795c5faf194bb4a21688487a0e,13762557,1638935410,12/8/2021 3:50,0xc36442b4a4522e871399cd717abdd847ab11fe88,0xd59582c68f938c01bf1d6955bb9d113a35a3263b,213.8978182,ETH,12062021-Present.csv
,0x95ab6ff254e36198ef9c6319c3ce96f666814834d8bbc12b8a1ea5ec624d5409,13762634,1638936356,12/8/2021 4:05,0x0d0707963952f2fba59dd06f2b425ace40b492fe,0x6f375dfa0cb3a5f116abd5629e622dd78283f9ae,233.8097,ETH,12062021-Present.csv
,0xefad6d44640fa97aaf149133e10821236e1afc5754962c665217190216a4cd3d,13762756,1638938070,12/8/2021 4:34,0xf2fa49fcb29e93796d7edea0cbff6858cd1d523b,0x9ac681f68a589cc3763bad9ce43be3380696b136,12,ETH,12062021-Present.csv
,0xc8895ba0cdb39df6a99062f37a78a3fa84f98c077659297da32688474eb7a0b4,13762970,1638940779,12/8/2021 5:19,0x24dbedb4699eb996a8ceb2baef4a4ae057cf0294,0x1adae5d8fa09f2a5503cb4729e16a8a6ff65ef7f,105.2847154,ETH,12062021-Present.csv
,0x9a3a141cbc36ea6f9408e931097f6081fdd44e62d178f74d193a853a80b28a43,13763464,1638947821,12/8/2021 7:17,0xb40ec8062518c52151b9c524c131a08e48543ce0,0x74de5d4fcbf63e00296fd95d33236b9794016631,5.421606179,ETH,12062021-Present.csv
,0x9a3a141cbc36ea6f9408e931097f6081fdd44e62d178f74d193a853a80b28a43,13763464,1638947821,12/8/2021 7:17,0x74de5d4fcbf63e00296fd95d33236b9794016631,0x615161c3633d424f3d0753f623c51af60a155ce5,5.421606179,ETH,12062021-Present.csv
,0x6293d98b9a5805fcc1b8b869872c3b9f11555ee8eaf7555b07dff610592ed2d9,13764374,1638960522,12/8/2021 10:48,0xea0478bceff9a35c9194c34af323dc95468fc67c,0xbe9b9c6356303006903bf81cd25d9943ecd77976,5,ETH,12062021-Present.csv
,0xbd3f98f7dd92b4108f95c7dc43d8acbd951f72454adc4eeac72b5c8ea5de43ee,13764392,1638960726,12/8/2021 10:52,0x9ac681f68a589cc3763bad9ce43be3380696b136,0x74de5d4fcbf63e00296fd95d33236b9794016631,11.89005545,ETH,12062021-Present.csv
,0xbd3f98f7dd92b4108f95c7dc43d8acbd951f72454adc4eeac72b5c8ea5de43ee,13764392,1638960726,12/8/2021 10:52,0x74de5d4fcbf63e00296fd95d33236b9794016631,0x4a5e38687048910fd9bd3ff6d6d3056cdecebfd6,11.89005545,ETH,12062021-Present.csv
,0x9f942525503a4c7cc0ebc5b6f9d1615393d65a68186480d3135f012431ef0391,13764601,1638963454,12/8/2021 11:37,0xd3ed83f2950c303842debd1348ed189e395d4f65,0x638a68534bc932de60e25dae1a007b19002b3767,925,ETH,12062021-Present.csv
,0x7865d1b845f211de1cf4f9d933a144aacaf316f5029c16c749a83eba4f0d8064,13764613,1638963583,12/8/2021 11:39,0x3ee18b2214aff97000d974cf647e7c347e8fa585,0xd3ed83f2950c303842debd1348ed189e395d4f65,939,ETH,12062021-Present.csv
,0x30a135e3714f514a93920ff5bea353126b6ef9aabd2cca92cafc79da50087445,13764814,1638966713,12/8/2021 12:31,0x16599f2a4f2112b147e0a4c207387aebff2be4b6,0xbe9b9c6356303006903bf81cd25d9943ecd77976,934.5241954,ETH,12062021-Present.csv
,0xc0a2e622c2750682b4d98d43c45faa7d02e962fa7c2997c5e359053f1e53113c,13764916,1638968054,12/8/2021 12:54,0x9ac681f68a589cc3763bad9ce43be3380696b136,0xdea1c8e9e617a84506c9fdd2dc3548c45d06c009,1,ETH,12062021-Present.csv
,0x9fb942d36ea288f66078ed072369b2fe4d6734374a52d640d55f94a55e32cd9a,13764932,1638968280,12/8/2021 12:58,0x9ac681f68a589cc3763bad9ce43be3380696b136,0x3554cc8b0749be48c1dcc2ceedbb5007c8ddb430,10.01539107,ETH,12062021-Present.csv
,0xdf192a4abe4030acdccf76fec8f557dd0a2d9667747b48ff392849b425d538d1,13765027,1638969593,12/8/2021 13:19,0x8849309bd8718d384f90e7daf6298473ec930023,0x9ac681f68a589cc3763bad9ce43be3380696b136,20,ETH,12062021-Present.csv
,0xe514f613f6e0c2467cb0f3d84ed537be816099f26cb0213b3f83fca8aea98aa1,13765030,1638969622,12/8/2021 13:20,0x8849309bd8718d384f90e7daf6298473ec930023,0x24dbedb4699eb996a8ceb2baef4a4ae057cf0294,10,ETH,12062021-Present.csv
,0x448db9d67dbbf2483fdfcec14855f27e7b551eacd99b2f6790154ac99143fbc1,13765077,1638970214,12/8/2021 13:30,0x203d7620fb3cdc3f25339d8a4368c95abb175349,0x24dbedb4699eb996a8ceb2baef4a4ae057cf0294,150.95178,ETH,12062021-Present.csv
,0xdfadd0edfc08428da2d5772cb437bcba0f492f6bd737f996514f26966cb6b623,13765187,1638971926,12/8/2021 13:58,0x50c9add63c1a22067fe86c347996117f402f6633,0x84383fb05f610222430f69727aa638f8fdbf5cc1,247,ETH,12062021-Present.csv
,0xdfadd0edfc08428da2d5772cb437bcba0f492f6bd737f996514f26966cb6b623,13765187,1638971926,12/8/2021 13:58,0x50c9add63c1a22067fe86c347996117f402f6633,0x9ac681f68a589cc3763bad9ce43be3380696b136,133,ETH,12062021-Present.csv
,0x2ba4f0dcac2db1073a4f0a3fe9cd074cee4f7e6a41595ac4d1dcb240ae14b7fa,13765236,1638972616,12/8/2021 14:10,0x50c9add63c1a22067fe86c347996117f402f6633,0xbe9b9c6356303006903bf81cd25d9943ecd77976,1028.728839,ETH,12062021-Present.csv
,0xabd0f6a3edc8b8ffa95da4a7a46988f675a90b28c29da475e9cc776cd320a011,13765372,1638974577,12/8/2021 14:42,0x84383fb05f610222430f69727aa638f8fdbf5cc1,0x317c98d5cbb6ce02c744dc77c1f54aa670529c46,301.1681404,ETH,12062021-Present.csv
,0x88edcbbdc0cb776c90a2dd753606d00c7b1374873abd68b2dbea478c699465f5,13765465,1638975889,12/8/2021 15:04,0x9ac681f68a589cc3763bad9ce43be3380696b136,0x77e69743230f8133f72e02148d6a2c83c3125695,14.66615187,ETH,12062021-Present.csv
,0x64074071b4109edafaa365de4d711f4ad4866d6c36c3af7a1435e9b4e3a97693,13765600,1638977919,12/8/2021 15:38,0xbb2b77801650f3dd6e7236f626bbb62aef78dea3,0x24dbedb4699eb996a8ceb2baef4a4ae057cf0294,10,ETH,12062021-Present.csv
,0x16583dd88c7f31f7b988295e2b6e9ffdb8ce4836e12f4617421e1555863b14fc,13765621,1638978176,12/8/2021 15:42,0xb50371ea4b9d58f8a9419b2129837882a411dd79,0xc052da97e16f465fd3fede42bca24bee44071c1a,597.2939481,ETH,12062021-Present.csv
,0x743a8e008eee5b761c0aef27cb803ce93783f019d141c8ec82a19128658457da,13765683,1638978852,12/8/2021 15:54,0x9ac681f68a589cc3763bad9ce43be3380696b136,0xc2970106433350bcbc68d5095bba98370ce98d19,839.3589094,ETH,12062021-Present.csv
,0x743a8e008eee5b761c0aef27cb803ce93783f019d141c8ec82a19128658457da,13765683,1638978852,12/8/2021 15:54,0x9ac681f68a589cc3763bad9ce43be3380696b136,0xc2970106433350bcbc68d5095bba98370ce98d19,908.3112466,ETH,12062021-Present.csv
,0x743a8e008eee5b761c0aef27cb803ce93783f019d141c8ec82a19128658457da,13765683,1638978852,12/8/2021 15:54,0xb666bfdb553a1aff4042c1e4f39e43852ba9731d,0xc2970106433350bcbc68d5095bba98370ce98d19,0,ETH,12062021-Present.csv
,0xe5d0d5a2c6e62df4ef664e4881beb140d59e996dc95eaaaa42ec7aa4cc7b2bcc,13765735,1638979525,12/8/2021 16:05,0x84383fb05f610222430f69727aa638f8fdbf5cc1,0xe6a6f144246b0dc8efbd61451aa9ff5d5f06caf8,8.866105404,ETH,12062021-Present.csv
,0xfc40f15a99c6246180122e26129475a1874cd0348a9d2c9ecf3ae5b822653399,13765809,1638980590,12/8/2021 16:23,0x9ac681f68a589cc3763bad9ce43be3380696b136,0x74de5d4fcbf63e00296fd95d33236b9794016631,4.029218882,ETH,12062021-Present.csv
,0xfc40f15a99c6246180122e26129475a1874cd0348a9d2c9ecf3ae5b822653399,13765809,1638980590,12/8/2021 16:23,0x74de5d4fcbf63e00296fd95d33236b9794016631,0x125c6f68de3871c47c7315652753032979f4599f,4.029218882,ETH,12062021-Present.csv
,0x984f404a1a06d45e586559313a8d1e474dadf0757c2c16ddc029669fc2d4a364,13766032,1638983458,12/8/2021 17:10,0x3d082929ec83174d9655fe8e8ae5892422796c60,0x84383fb05f610222430f69727aa638f8fdbf5cc1,500,ETH,12062021-Present.csv
,0x984f404a1a06d45e586559313a8d1e474dadf0757c2c16ddc029669fc2d4a364,13766032,1638983458,12/8/2021 17:10,0x3d082929ec83174d9655fe8e8ae5892422796c60,0x24dbedb4699eb996a8ceb2baef4a4ae057cf0294,400,ETH,12062021-Present.csv
,0x984f404a1a06d45e586559313a8d1e474dadf0757c2c16ddc029669fc2d4a364,13766032,1638983458,12/8/2021 17:10,0x3d082929ec83174d9655fe8e8ae5892422796c60,0xc8d2aaba076bc96505f6442d37deaa583295d030,100,ETH,12062021-Present.csv
,0x772d4ea02b0ba095b2e39a44de2ee23aaaa77bea55c2cce36a31003f6e4bb1f8,13766047,1638983644,12/8/2021 17:14,0x24dbedb4699eb996a8ceb2baef4a4ae057cf0294,0xfa35113163bfd33c18a01d1a62d4d14a1ed30a42,185.0060109,ETH,12062021-Present.csv
,0xa454b494bcd6484186128a5c385575be8c749b713e185cbe105987fea0829ebb,13766102,1638984530,12/8/2021 17:28,0x533e3c0e6b48010873b947bddc4721b1bdff9648,0xb324a5c8e61dba2a4a03a053f8c42629a0226d56,357.04,ETH,12062021-Present.csv
,0xd99a25932b98378cdfe7d7f4d5e40790bb0ba34aaf62ab3f7c130eb52f934cf2,13766108,1638984643,12/8/2021 17:30,0xb324a5c8e61dba2a4a03a053f8c42629a0226d56,0x07fbda86c56edf579094d03a0b5b479e6d5d5893,357.04,ETH,12062021-Present.csv
,0x6e76f8495fcd28137c36107015b2c7b7a59c2bfd32d035b42d013523978075d1,13766346,1638987773,12/8/2021 18:22,0x84383fb05f610222430f69727aa638f8fdbf5cc1,0xb324a5c8e61dba2a4a03a053f8c42629a0226d56,163.2872966,ETH,12062021-Present.csv
,0xa9b4c43d9adf1afce8aca08972021d15249057b9e66bfe583dfd59ca5ed8565a,13766355,1638987846,12/8/2021 18:24,0xb324a5c8e61dba2a4a03a053f8c42629a0226d56,0x533e3c0e6b48010873b947bddc4721b1bdff9648,163.28,ETH,12062021-Present.csv
,0x023551c7b2f998fc9dd9e2db5e6a7390a762ddec18336b8c0b1d98750dc5d429,13766479,1638989796,12/8/2021 18:56,0x84383fb05f610222430f69727aa638f8fdbf5cc1,0xecd00528e4645f13dac6b2693e77d60b0119e4c5,423.1245805,ETH,12062021-Present.csv
,0x023551c7b2f998fc9dd9e2db5e6a7390a762ddec18336b8c0b1d98750dc5d429,13766479,1638989796,12/8/2021 18:56,0x24dbedb4699eb996a8ceb2baef4a4ae057cf0294,0xecd00528e4645f13dac6b2693e77d60b0119e4c5,280.7717135,ETH,12062021-Present.csv
,0xdec3fe46c150c42a0f658cb23d385abca73964db0412a9b14cc8e412a22c9fc0,13766632,1638991729,12/8/2021 19:28,0xc8d2aaba076bc96505f6442d37deaa583295d030,0x24dbedb4699eb996a8ceb2baef4a4ae057cf0294,67.54012787,ETH,12062021-Present.csv
,0x5fc46566c7a35872258b73e97c25f83c42560c62a9787157e00efb2015611c71,13766664,1638992199,12/8/2021 19:36,0x9ac681f68a589cc3763bad9ce43be3380696b136,0x74de5d4fcbf63e00296fd95d33236b9794016631,7.498048232,ETH,12062021-Present.csv
,0x5fc46566c7a35872258b73e97c25f83c42560c62a9787157e00efb2015611c71,13766664,1638992199,12/8/2021 19:36,0x74de5d4fcbf63e00296fd95d33236b9794016631,0xb8ec659a5b66e4b76e598dd80c6684928fb08c5c,7.498048232,ETH,12062021-Present.csv
,0x9006dbd753de9d4df57b9a693686076a68f51f7b48d1ab1a006794b889cc991f,13766744,1638993255,12/8/2021 19:54,0x4917062b44de5f47273dbe1af95f473333f419be,0x24dbedb4699eb996a8ceb2baef4a4ae057cf0294,18.16373725,ETH,12062021-Present.csv
,0x8c485340ff7c0879d92069f0eec4c221bad2bc5e9311e09a8822e418c120d1d7,13767482,1639003213,12/8/2021 22:40,0x4915be1271df53dbbb1ec36f6ddf5641a77ceee5,0xbeac5d55601d152bca296a40cbd008f496bae11b,21.15167816,ETH,12062021-Present.csv
,0xe6b8bd3a2ca80cc1439cf862618d35de0b37cbdad73644ba9d3d86a0cf8d31b1,13767630,1639005529,12/8/2021 23:18,0xbeac5d55601d152bca296a40cbd008f496bae11b,0x74de5d4fcbf63e00296fd95d33236b9794016631,21.15167816,ETH,12062021-Present.csv
,0xe6b8bd3a2ca80cc1439cf862618d35de0b37cbdad73644ba9d3d86a0cf8d31b1,13767630,1639005529,12/8/2021 23:18,0x74de5d4fcbf63e00296fd95d33236b9794016631,0xb40ec8062518c52151b9c524c131a08e48543ce0,21.15167816,ETH,12062021-Present.csv
,0x612205ee398ed7a83bccb7401b352c6819d8e5004e45c554393eb9f74a095e4f,13768028,1639011155,12/9/2021 0:52,0xc8d2aaba076bc96505f6442d37deaa583295d030,0xb40ec8062518c52151b9c524c131a08e48543ce0,124.9421932,ETH,12062021-Present.csv
,0x95493dcf5113e676974747c62b3675ec2c3ba95efab4f4938ce835e643616018,13768028,1639011155,12/9/2021 0:52,0xc2970106433350bcbc68d5095bba98370ce98d19,0x220bda5c8994804ac96ebe4df184d25e5c2196d4,1747.670843,ETH,12062021-Present.csv
,0x95493dcf5113e676974747c62b3675ec2c3ba95efab4f4938ce835e643616018,13768028,1639011155,12/9/2021 0:52,0x220bda5c8994804ac96ebe4df184d25e5c2196d4,0x84383fb05f610222430f69727aa638f8fdbf5cc1,873.8354214,ETH,12062021-Present.csv
,0x95493dcf5113e676974747c62b3675ec2c3ba95efab4f4938ce835e643616018,13768028,1639011155,12/9/2021 0:52,0x220bda5c8994804ac96ebe4df184d25e5c2196d4,0xb40ec8062518c52151b9c524c131a08e48543ce0,69.90683371,ETH,12062021-Present.csv
,0x95493dcf5113e676974747c62b3675ec2c3ba95efab4f4938ce835e643616018,13768028,1639011155,12/9/2021 0:52,0x220bda5c8994804ac96ebe4df184d25e5c2196d4,0x9ac681f68a589cc3763bad9ce43be3380696b136,122.336959,ETH,12062021-Present.csv
,0x95493dcf5113e676974747c62b3675ec2c3ba95efab4f4938ce835e643616018,13768028,1639011155,12/9/2021 0:52,0x220bda5c8994804ac96ebe4df184d25e5c2196d4,0x24dbedb4699eb996a8ceb2baef4a4ae057cf0294,681.5916287,ETH,12062021-Present.csv
,0x628b8f51e3e7cca472a9137f6ac9ef451a1b28ee17732de098644dd76637acde,13768028,1639011155,12/9/2021 0:52,0xb40ec8062518c52151b9c524c131a08e48543ce0,0xc8d2aaba076bc96505f6442d37deaa583295d030,143.022743,ETH,12062021-Present.csv
,0x581fc6679a3c3ae83229deb158ae689364c4d7961a9b14d3feb899aaf86a9d64,13768029,1639011177,12/9/2021 0:52,0x24dbedb4699eb996a8ceb2baef4a4ae057cf0294,0xf6460c6dd025c367f1d999276fabc2b18e2d1066,212.008473,ETH,12062021-Present.csv
,0x581fc6679a3c3ae83229deb158ae689364c4d7961a9b14d3feb899aaf86a9d64,13768029,1639011177,12/9/2021 0:52,0xf6460c6dd025c367f1d999276fabc2b18e2d1066,0x40ec5b33f54e0e8a33a975908c5ba1c14e5bbbdf,212.008473,ETH,12062021-Present.csv
,0xea184a8625bc3c208ea47bfb34136e04ca6bc68d47f452e3b152d8f19c4306c6,13768043,1639011395,12/9/2021 0:56,0x9ac681f68a589cc3763bad9ce43be3380696b136,0xfa35113163bfd33c18a01d1a62d4d14a1ed30a42,54.55802582,ETH,12062021-Present.csv
,0x71f7d4a3187cd3f817557149b82c9695d1b597befc3116402116222f1378dc0a,13768043,1639011395,12/9/2021 0:56,0x84383fb05f610222430f69727aa638f8fdbf5cc1,0x839d4641f97153b0ff26ab837860c479e2bd0242,394.1198986,ETH,12062021-Present.csv
,0x5028e3b919541d86568d926c3a1c0b0322f6f01970c71b8f12b4abf84e7ed569,13768045,1639011443,12/9/2021 0:57,0x839d4641f97153b0ff26ab837860c479e2bd0242,0x44dbbe5d045975ba8836144415ce0d97c02e44ac,394.1198986,ETH,12062021-Present.csv
,0xe7329f58d7f764b5558b22c92efabeea5fb242b90d4597fdaa63e0f814ec72e7,13768222,1639014129,12/9/2021 1:42,0x24dbedb4699eb996a8ceb2baef4a4ae057cf0294,0x90ee9c6e08fc8aea5ad4eba584d7d3eb25414059,162.1743821,ETH,12062021-Present.csv
,0x9d9e331cac20a993026b89a17a2863d4ec0edf45d8c968f637bfdf49712ac49e,13768302,1639015134,12/9/2021 1:58,0x24dbedb4699eb996a8ceb2baef4a4ae057cf0294,0x8176d7b793a73626880bc43dfd9a9f97d338ca88,206.7936265,ETH,12062021-Present.csv
,0x2ab8ca176835efb5d6d434d111f5a0789e05181608f34ddc757cd46cdcbba475,13768308,1639015196,12/9/2021 1:59,0x8176d7b793a73626880bc43dfd9a9f97d338ca88,0x533e3c0e6b48010873b947bddc4721b1bdff9648,206.7936265,ETH,12062021-Present.csv
,0xd49908683500b3c7808a68e13f77e194afa12ab7b079df9b4cbdec4c0dd2d87c,13768311,1639015210,12/9/2021 2:00,0x9ac681f68a589cc3763bad9ce43be3380696b136,0x67ebc532d648e6164a6fd726ff0b39e69180dafe,102.4015983,ETH,12062021-Present.csv
,0xf21b34f3677500a2b2c03c4c4cee882e58bb566272f465cfe19eaff7a7779c7e,13768312,1639015213,12/9/2021 2:00,0xb40ec8062518c52151b9c524c131a08e48543ce0,0x9ac681f68a589cc3763bad9ce43be3380696b136,42.53879597,ETH,12062021-Present.csv
,0xf6a528d8c2bb16114f795092fcbac42feec69dfd910b7acfac1639f5f4ecda69,13768313,1639015218,12/9/2021 2:00,0x67ebc532d648e6164a6fd726ff0b39e69180dafe,0x533e3c0e6b48010873b947bddc4721b1bdff9648,102.4015983,ETH,12062021-Present.csv
,0xac9a8718b53b6127b9d867460ad3b7d8617fc5ccf64339b0b8ad67fe656b09c0,13768522,1639017793,12/9/2021 2:43,0x0d0707963952f2fba59dd06f2b425ace40b492fe,0xb50371ea4b9d58f8a9419b2129837882a411dd79,440.6973,ETH,12062021-Present.csv
,0x2106b3ae662b9b42d4b790c229b2ec55902a85d72e4ec547250be5bce03646b7,13768640,1639019351,12/9/2021 3:09,0xb50371ea4b9d58f8a9419b2129837882a411dd79,0x24dbedb4699eb996a8ceb2baef4a4ae057cf0294,110,ETH,12062021-Present.csv
,0xebc736c84df6345ac4b9c89f44086b966e39c307824de30e45d04b945d92385e,13768891,1639023072,12/9/2021 4:11,0x24dbedb4699eb996a8ceb2baef4a4ae057cf0294,0xd59afec43e79257bf580c4ac9f790ca8c632e327,50.15283895,ETH,12062021-Present.csv
,0xc0b7523bbce39348bd0516e54134e26fa6de15bf306a233da44e1f4c4b5d101b,13769195,1639027040,12/9/2021 5:17,0xf20aba1ec64f3b172eda1e6260fcefb9f87f5666,0x9ac681f68a589cc3763bad9ce43be3380696b136,20.20989214,ETH,12062021-Present.csv
,0x5cf4494201d89ea70254ab7401bdeb7a6dddd7455b173c7d46c0f4586f6af2d1,13769215,1639027380,12/9/2021 5:23,0x207932bbf28b408fc8a40e4906d116a3200ea653,0xb40ec8062518c52151b9c524c131a08e48543ce0,14.86555284,ETH,12062021-Present.csv
,0x50cf75dcb332dcac86624076f8ce4ccc28989e037b75aa0ad5c73ac30cf6076f,13769572,1639032388,12/9/2021 6:46,0x84383fb05f610222430f69727aa638f8fdbf5cc1,0x0000000099cb7fc48a935bceb9f05bbae54e8987,320.9280293,ETH,12062021-Present.csv
,0xc493839de04024b461ea910ba02387ef16642bb51c6ad50845b3bff10b0568f8,13769572,1639032388,12/9/2021 6:46,0x84383fb05f610222430f69727aa638f8fdbf5cc1,0x1adae5d8fa09f2a5503cb4729e16a8a6ff65ef7f,289.7186088,ETH,12062021-Present.csv
,0x255264f8355827818c76fc196befa19adcfdfc24ad9cdea4414340dba048f18a,13769572,1639032388,12/9/2021 6:46,0x0000000099cb7fc48a935bceb9f05bbae54e8987,0x84383fb05f610222430f69727aa638f8fdbf5cc1,320.9280293,ETH,12062021-Present.csv
,0xba86f1e0427695d3b9bdc0dffb053d3c4363734f997ca43dd824d804cf69a6cb,13769850,1639036098,12/9/2021 7:48,0xb40ec8062518c52151b9c524c131a08e48543ce0,0xe66b31678d6c16e9ebf358268a790b763c133750,0.299831278,ETH,12062021-Present.csv
,0xba86f1e0427695d3b9bdc0dffb053d3c4363734f997ca43dd824d804cf69a6cb,13769850,1639036098,12/9/2021 7:48,0xe66b31678d6c16e9ebf358268a790b763c133750,0x408a656aef394465bb230fa8d21e8b13f81dc58a,0.299831278,ETH,12062021-Present.csv
,0xfa9e6e6ad379067431342a067da93139a22c87a0854c4bbc7b4fc03b06ccc190,13770435,1639044237,12/9/2021 10:03,0xbcf427cb56c0178d648e946b9076bc300800ffa6,0xbe9b9c6356303006903bf81cd25d9943ecd77976,511.9692083,ETH,12062021-Present.csv
,0x16c623ce86c6282f9fb9d3c9c56188edfd35afbeffa9eb538fe83258510510a3,13770464,1639044682,12/9/2021 10:11,0xe0d2d9575ea0731cbf9a85b174f55c9f25c27946,0xbe9b9c6356303006903bf81cd25d9943ecd77976,413.9313491,ETH,12062021-Present.csv
,0x9eeb80180d65f81b1a9d71891b728f34c273044b5d182223c1b7b8acc515d957,13770635,1639047277,12/9/2021 10:54,0xd15efd7c8cc51fab0714e25d4cc56754bcb97260,0xcde1c4b27559b9a3f40133bd4d5732240b83cae1,5.632504668,ETH,12062021-Present.csv
,0x050ee268c81bc68be207f18f33deb366d7c947719ce192d8a8e38282705e9388,13770761,1639049147,12/9/2021 11:25,0x0df73a1c17bb653ae3adb729700d4399422f60ac,0x74de5d4fcbf63e00296fd95d33236b9794016631,31,ETH,12062021-Present.csv
,0x050ee268c81bc68be207f18f33deb366d7c947719ce192d8a8e38282705e9388,13770761,1639049147,12/9/2021 11:25,0x74de5d4fcbf63e00296fd95d33236b9794016631,0x84383fb05f610222430f69727aa638f8fdbf5cc1,31,ETH,12062021-Present.csv
,0xdbc98c52657f8160efe3438aa5bc204c898b2f397e5e8b4b1623cf27cc89a88d,13770979,1639051938,12/9/2021 12:12,0xe55d187b70b860e68feb417bc836e7454cae5245,0x84383fb05f610222430f69727aa638f8fdbf5cc1,62.651,ETH,12062021-Present.csv
,0xdebc0aea2699d0a3b0066e22db1d3ce8518468e89043cb29c656494fd25329b6,13771128,1639053944,12/9/2021 12:45,0x8578ebedb49c18231ccaa41610ac5eda0a5d00ee,0x5b3358a381c5743f32a53f7e0637d5b761c34443,184.8018704,ETH,12062021-Present.csv
,0x2e68a5305cd5ce845143e58b2d3c0971ba76722b0f0e6874097322a14dc3a4fb,13771755,1639062878,12/9/2021 15:14,0x05b0076ef6432cf98eb46c6ab41c2f234a900735,0x84383fb05f610222430f69727aa638f8fdbf5cc1,150,ETH,12062021-Present.csv
,0xf40f922b8b7cbd9bfaeb4fe17665e3722d69b4c775dd088b9b3f6c19548341c6,13771809,1639063754,12/9/2021 15:29,0x24dbedb4699eb996a8ceb2baef4a4ae057cf0294,0x1adae5d8fa09f2a5503cb4729e16a8a6ff65ef7f,248.2105241,ETH,12062021-Present.csv
,0xe326d2113a921f36f2c96bacc1b5d144851ed8205f69718db6653b385f1083fa,13772549,1639073547,12/9/2021 18:12,0xb40ec8062518c52151b9c524c131a08e48543ce0,0x74de5d4fcbf63e00296fd95d33236b9794016631,7.805258815,ETH,12062021-Present.csv
,0xe326d2113a921f36f2c96bacc1b5d144851ed8205f69718db6653b385f1083fa,13772549,1639073547,12/9/2021 18:12,0x74de5d4fcbf63e00296fd95d33236b9794016631,0xc30caeab7e8dd28442e1f0812def5cc8a2a67215,7.805258815,ETH,12062021-Present.csv
,0xe3677e9af2f39efe3d1980ef3477013f62d8b7fa39566e55ec9a11ba6f0e1f41,13772860,1639077932,12/9/2021 19:25,0x0d0707963952f2fba59dd06f2b425ace40b492fe,0xb324a5c8e61dba2a4a03a053f8c42629a0226d56,421.952,ETH,12062021-Present.csv
,0xdced844a3bba32c57a0a13e48cebbc77ac91c9b74177a7e3079146510c9c0a94,13772863,1639078001,12/9/2021 19:26,0x9ac681f68a589cc3763bad9ce43be3380696b136,0x1111111254fb6c44bac0bed2854e76f90643097d,62.7865787,ETH,12062021-Present.csv
,0xdced844a3bba32c57a0a13e48cebbc77ac91c9b74177a7e3079146510c9c0a94,13772863,1639078001,12/9/2021 19:26,0x1111111254fb6c44bac0bed2854e76f90643097d,0x74de5d4fcbf63e00296fd95d33236b9794016631,62.7865787,ETH,12062021-Present.csv
,0xdced844a3bba32c57a0a13e48cebbc77ac91c9b74177a7e3079146510c9c0a94,13772863,1639078001,12/9/2021 19:26,0x74de5d4fcbf63e00296fd95d33236b9794016631,0x2f4876408a0dcdcee298b48d4f6faf0b3258e303,62.7865787,ETH,12062021-Present.csv
,0x94be1c0555c8cbaf85d166529faec7baf31ddf7d73e2829360cd2cf030836bb9,13772884,1639078245,12/9/2021 19:30,0x2f4876408a0dcdcee298b48d4f6faf0b3258e303,0xbe9b9c6356303006903bf81cd25d9943ecd77976,62.7865787,ETH,12062021-Present.csv
,0x2fe305449a155215dcc9886528ebc7164ccaecbad135633cfd6ebb54f5a436ec,13773094,1639081019,12/9/2021 20:16,0xd3d9b6492433e3efe2e97efc7d7167a523a83715,0x24dbedb4699eb996a8ceb2baef4a4ae057cf0294,42.70304285,ETH,12062021-Present.csv
,0xcce86627dcb6a28f38c5a0160c8996d2c3c9c4cdad3a96a5d767fe8bc15d6478,13773853,1639091332,12/9/2021 23:08,0xe8b2bc29882791bedb274b395219e5b85216e2bd,0x74de5d4fcbf63e00296fd95d33236b9794016631,3.994082895,ETH,12062021-Present.csv
,0xcce86627dcb6a28f38c5a0160c8996d2c3c9c4cdad3a96a5d767fe8bc15d6478,13773853,1639091332,12/9/2021 23:08,0x74de5d4fcbf63e00296fd95d33236b9794016631,0xaa934346e4f74bc23e62153ee964df8b826694ef,3.994082895,ETH,12062021-Present.csv
,0xc008377e3435f22e07e6df639a146d956b5ed46d24f8ea1bad29a527ee400561,13774226,1639096637,12/10/2021 0:37,0x64e64d7f2b3a7ce1fd335f0a74ed69d324780db0,0x74de5d4fcbf63e00296fd95d33236b9794016631,100.6139156,ETH,12062021-Present.csv
,0xc008377e3435f22e07e6df639a146d956b5ed46d24f8ea1bad29a527ee400561,13774226,1639096637,12/10/2021 0:37,0x74de5d4fcbf63e00296fd95d33236b9794016631,0x24dbedb4699eb996a8ceb2baef4a4ae057cf0294,100.6139156,ETH,12062021-Present.csv
,0x51b4bd486620f1ca8e902f4e4722f9b29ea030d1ad2bbd8b57811c974201ec5b,13774502,1639100329,12/10/2021 1:38,0x24dbedb4699eb996a8ceb2baef4a4ae057cf0294,0x00000000003b3cc22af3ae1eac0440bcee416b40,202.4279256,ETH,12062021-Present.csv
,0x43e6c3314ca276b443911d2550ef7c69575b1849e627d98ab212701e24431039,13774502,1639100329,12/10/2021 1:38,0x24dbedb4699eb996a8ceb2baef4a4ae057cf0294,0x1adae5d8fa09f2a5503cb4729e16a8a6ff65ef7f,230.8163558,ETH,12062021-Present.csv
,0x81469a56ef20909c9c6c4a39f54a7537e7c42b5c2a183388d376859a69a83d79,13774502,1639100329,12/10/2021 1:38,0x00000000003b3cc22af3ae1eac0440bcee416b40,0x24dbedb4699eb996a8ceb2baef4a4ae057cf0294,202.4278018,ETH,12062021-Present.csv
,0x9e9d7dce0e5acf39dae435810f7d1b63045282b0968df5b8bf4846088ccfed3e,13774532,1639100867,12/10/2021 1:47,0x1adae5d8fa09f2a5503cb4729e16a8a6ff65ef7f,0xbe9b9c6356303006903bf81cd25d9943ecd77976,1630.009804,ETH,12062021-Present.csv
