ID,Txhash,Blockno,UnixTimestamp,DateTime,From,To,Quantity,Method,FileName
,0x863a4b3469c2b9e9ddc251f6dccf0fee3bae7bc2e8a3a8c2f5cf3e624efc33d7,20226559,1634256442,10/15/2021 0:07,0x7d3a1214fb53a4474fc5e1e8fbb11cdb586f9574,0x5e06e1da9b7cb3ddd0df596003ad4cb852f51955,0.0287333690,Buy And Free22457070633,Polyg_04.csv
,0xa34aef3c1e63ef5077898553d8fa86b9618246f06d18cb78015f9b572a05280a,20226575,1634256478,10/15/2021 0:07,0x1b94575a29bc7f62b32dff2959c3905b8f35b3d8,0xb417b70b1a3c22bc1aecf5e31dca7e05945057db,0.0095415080,0x9da3b47c,Polyg_04.csv
,0xa34aef3c1e63ef5077898553d8fa86b9618246f06d18cb78015f9b572a05280a,20226575,1634256478,10/15/2021 0:07,0xb417b70b1a3c22bc1aecf5e31dca7e05945057db,0x5e06e1da9b7cb3ddd0df596003ad4cb852f51955,0.0095415080,0x9da3b47c,Polyg_04.csv
,0x2f8744d8965d0f08f633813083f70ddb17ce31c72662d96ce0e0656294a53899,20226649,1634256682,10/15/2021 0:11,0xd3ed83f2950c303842debd1348ed189e395d4f65,0x5e06e1da9b7cb3ddd0df596003ad4cb852f51955,58.0000000000,Swap Exact Tokens For Tokens,Polyg_04.csv
,0x20690096daaf283cde3af833270c1ace538732e91070ea999dfab8f0a9d20e21,20226649,1634256682,10/15/2021 0:11,0x5e06e1da9b7cb3ddd0df596003ad4cb852f51955,0x84e5bc3df0df0f543648f250443c6f4077218312,2.9784257740,0xcf96655e,Polyg_04.csv
,0x20690096daaf283cde3af833270c1ace538732e91070ea999dfab8f0a9d20e21,20226649,1634256682,10/15/2021 0:11,0x84e5bc3df0df0f543648f250443c6f4077218312,0x92475eba8ea6f242c2cb757d6a39a531f9cf3317,2.9784257740,0xcf96655e,Polyg_04.csv
,0x3b1c92d4a181a68b9454cc1b034a406bed3fa9192630bf716a9583fb232fdd9d,20226649,1634256682,10/15/2021 0:11,0x5e06e1da9b7cb3ddd0df596003ad4cb852f51955,0x92475eba8ea6f242c2cb757d6a39a531f9cf3317,0.4740476710,0xedca6525,Polyg_04.csv
,0x1df0422777626eb839ca12a64608e492f389e7735bf863f434d0f1ef7e1c6570,20226666,1634256750,10/15/2021 0:12,0x5e06e1da9b7cb3ddd0df596003ad4cb852f51955,0x7ca193c5886d4c662bbb2f8f2a5ed9f5be84b1d3,0.1498971570,Buy And Free22457070633,Polyg_04.csv
,0xa506f2470731e826f314a630d920fea0f6c7fb68ab2d1f548ebfd88694354384,20226827,1634257126,10/15/2021 0:18,0xf0ebc5a89c6e47c7d205b1d304fa31658df2b4bf,0x5e06e1da9b7cb3ddd0df596003ad4cb852f51955,10.8019233400,Swap Exact Tokens For Tokens,Polyg_04.csv
,0xb352ebe4a1c6ed8e5480e0d1d61bfb28c0fa5c53b32e95e1ebacd761ac72cbe5,20226827,1634257126,10/15/2021 0:18,0x5e06e1da9b7cb3ddd0df596003ad4cb852f51955,0x227c497fc49aa5f8cfa944987eddc31bf5be5afa,1.0767866020,0x49b01961,Polyg_04.csv
,0xb352ebe4a1c6ed8e5480e0d1d61bfb28c0fa5c53b32e95e1ebacd761ac72cbe5,20226827,1634257126,10/15/2021 0:18,0x227c497fc49aa5f8cfa944987eddc31bf5be5afa,0x92475eba8ea6f242c2cb757d6a39a531f9cf3317,1.0767866020,0x49b01961,Polyg_04.csv
,0xb9a258866929cdc9bb630922c29881091a7c132f19b5965c31fad1145eaff89b,20226844,1634257160,10/15/2021 0:19,0x5e06e1da9b7cb3ddd0df596003ad4cb852f51955,0xbe5e909e758bdad9531ad903b7bd90758664f6a4,0.1451858830,0x8dea6891,Polyg_04.csv
,0xef98c36d2e3ed1103e460ddea915d7ab42c665a01702667c1de245eece96b02c,20226844,1634257160,10/15/2021 0:19,0xf0ebc5a89c6e47c7d205b1d304fa31658df2b4bf,0x5e06e1da9b7cb3ddd0df596003ad4cb852f51955,10.0000000000,Swap Exact Tokens For Tokens,Polyg_04.csv
,0x6fabb4d553e3b5f25b48a1d832de6b0f4b50274c575aa7414ccba67357d28bba,20226844,1634257160,10/15/2021 0:19,0x5e06e1da9b7cb3ddd0df596003ad4cb852f51955,0x92475eba8ea6f242c2cb757d6a39a531f9cf3317,0.6685438530,0x8dea6891,Polyg_04.csv
,0xcd32a9dce39bcc16fe1c5d0e63ca5844fab330d37e576b37006992465503f505,20226884,1634257244,10/15/2021 0:20,0xf0ebc5a89c6e47c7d205b1d304fa31658df2b4bf,0x5e06e1da9b7cb3ddd0df596003ad4cb852f51955,10.0000000000,Swap Exact Tokens For Tokens,Polyg_04.csv
,0xae7d4d9bd97b564fc46b0c96eaf18b3eaa5950b5fafd729f2fc2481e8ea12944,20226884,1634257244,10/15/2021 0:20,0x5e06e1da9b7cb3ddd0df596003ad4cb852f51955,0x92475eba8ea6f242c2cb757d6a39a531f9cf3317,0.8349692780,0x0784eae6,Polyg_04.csv
,0x6c75e8845aa0b7d2684c921312da54f924fc5d44d7ad0a90f1e4a68435ef8145,20226922,1634257320,10/15/2021 0:22,0xf0ebc5a89c6e47c7d205b1d304fa31658df2b4bf,0x5e06e1da9b7cb3ddd0df596003ad4cb852f51955,10.0000000000,Swap Exact Tokens For Tokens,Polyg_04.csv
,0x9bc41cd5857b25df382ee171ff049828ea6385a9eef7de139d2af27c6f4281e5,20226922,1634257320,10/15/2021 0:22,0x5e06e1da9b7cb3ddd0df596003ad4cb852f51955,0x227c497fc49aa5f8cfa944987eddc31bf5be5afa,0.9966150270,0x49b01961,Polyg_04.csv
,0x9bc41cd5857b25df382ee171ff049828ea6385a9eef7de139d2af27c6f4281e5,20226922,1634257320,10/15/2021 0:22,0x227c497fc49aa5f8cfa944987eddc31bf5be5afa,0x92475eba8ea6f242c2cb757d6a39a531f9cf3317,0.9966150270,0x49b01961,Polyg_04.csv
,0x2fc2ecd17b73502e2f35a304b307a4583ffe68abaa1dcb8567613d48b09e8daa,20226922,1634257320,10/15/2021 0:22,0x5e06e1da9b7cb3ddd0df596003ad4cb852f51955,0x7ca193c5886d4c662bbb2f8f2a5ed9f5be84b1d3,0.1504663730,0x8dea6891,Polyg_04.csv
,0x04e3609f066ec440c094c78060c1a486334618664fc7a2a6263944d26d6bb775,20226939,1634257354,10/15/2021 0:22,0xf0ebc5a89c6e47c7d205b1d304fa31658df2b4bf,0x5e06e1da9b7cb3ddd0df596003ad4cb852f51955,10.0000000000,Swap Exact Tokens For Tokens,Polyg_04.csv
,0xe1773b0eee66159bcf39997f472b973d1460daa1a4bf6c0322fd02747fd7ddc8,20226939,1634257354,10/15/2021 0:22,0x5e06e1da9b7cb3ddd0df596003ad4cb852f51955,0xd9470329872b307d31234726b7abca6ad6b22dc4,0.6276329410,0x65ecc455,Polyg_04.csv
,0xe1773b0eee66159bcf39997f472b973d1460daa1a4bf6c0322fd02747fd7ddc8,20226939,1634257354,10/15/2021 0:22,0xd9470329872b307d31234726b7abca6ad6b22dc4,0x92475eba8ea6f242c2cb757d6a39a531f9cf3317,0.6276329410,0x65ecc455,Polyg_04.csv
,0x6688fda65f5c9789c56db618c4c5352e2742b746180e72063e83b072802425a8,20227003,1634257486,10/15/2021 0:24,0xf0ebc5a89c6e47c7d205b1d304fa31658df2b4bf,0x5e06e1da9b7cb3ddd0df596003ad4cb852f51955,10.0000000000,Swap Exact Tokens For Tokens,Polyg_04.csv
,0x8943d06b30efed3602365ed731a000859c4753aa7cccfb88672d5668b0eb8b2d,20227003,1634257486,10/15/2021 0:24,0x5e06e1da9b7cb3ddd0df596003ad4cb852f51955,0x92475eba8ea6f242c2cb757d6a39a531f9cf3317,0.9325055420,0x8dea6891,Polyg_04.csv
,0x2c0e6081d59efffb51cb36e07a09f80dde8cc15a5447ec794e3289d74ef520e0,20227018,1634257542,10/15/2021 0:25,0xf0ebc5a89c6e47c7d205b1d304fa31658df2b4bf,0x5e06e1da9b7cb3ddd0df596003ad4cb852f51955,10.0000000000,Swap Exact Tokens For Tokens,Polyg_04.csv
,0x17a56d9d4550fdc6f30cc261efa9c666e2c07616cf183f4ee3e84f21a861597c,20227018,1634257542,10/15/2021 0:25,0x5e06e1da9b7cb3ddd0df596003ad4cb852f51955,0x92475eba8ea6f242c2cb757d6a39a531f9cf3317,0.8525686320,0x0784eae6,Polyg_04.csv
,0x628d80830538946a4c2f7459316b7cf6b526e7a20acbe5c4d652bb9de69a0299,20227018,1634257542,10/15/2021 0:25,0x5e06e1da9b7cb3ddd0df596003ad4cb852f51955,0x7ca193c5886d4c662bbb2f8f2a5ed9f5be84b1d3,0.1716145550,0x8dea6891,Polyg_04.csv
,0x3629cb4cf8051d860122e2f32ad797b3048213e840bc4c581e5fe405ae2b6eae,20227019,1634257546,10/15/2021 0:25,0x5e06e1da9b7cb3ddd0df596003ad4cb852f51955,0xbe5e909e758bdad9531ad903b7bd90758664f6a4,0.1264494050,0x0784eae6,Polyg_04.csv
,0x31ac19c7992722244690ccc2de9569e04d7fea1b1c9d9960398e340643b69c8d,20227030,1634257590,10/15/2021 0:26,0xf0ebc5a89c6e47c7d205b1d304fa31658df2b4bf,0x5e06e1da9b7cb3ddd0df596003ad4cb852f51955,10.0000000000,Swap Exact Tokens For Tokens,Polyg_04.csv
,0x7047cb685cde0ff41da13161a66c395e8f20d02c1fccbb9e3503ce5fbdda3fb3,20227030,1634257590,10/15/2021 0:26,0x5e06e1da9b7cb3ddd0df596003ad4cb852f51955,0x92475eba8ea6f242c2cb757d6a39a531f9cf3317,0.8569121470,0x0784eae6,Polyg_04.csv
,0xd732ca8d9450d794f9e2f033a1b32a2b407ff67e2162836d071c392898f26db0,20227045,1634257650,10/15/2021 0:27,0xf0ebc5a89c6e47c7d205b1d304fa31658df2b4bf,0x5e06e1da9b7cb3ddd0df596003ad4cb852f51955,10.0000000000,Swap Exact Tokens For Tokens,Polyg_04.csv
,0xc5a0072dbbb88d6b31f1da45773343c5da3050a6811c6a443f48de5723430eae,20227045,1634257650,10/15/2021 0:27,0x5e06e1da9b7cb3ddd0df596003ad4cb852f51955,0x227c497fc49aa5f8cfa944987eddc31bf5be5afa,0.9965810940,0x49b01961,Polyg_04.csv
,0xc5a0072dbbb88d6b31f1da45773343c5da3050a6811c6a443f48de5723430eae,20227045,1634257650,10/15/2021 0:27,0x227c497fc49aa5f8cfa944987eddc31bf5be5afa,0x92475eba8ea6f242c2cb757d6a39a531f9cf3317,0.9965810940,0x49b01961,Polyg_04.csv
,0xce41673cac3b397d48af0863e2d15b1b7121332d9fc2bb1e21ee1560322ec1bf,20227062,1634257718,10/15/2021 0:28,0xf0ebc5a89c6e47c7d205b1d304fa31658df2b4bf,0x5e06e1da9b7cb3ddd0df596003ad4cb852f51955,10.0000000000,Swap Exact Tokens For Tokens,Polyg_04.csv
,0x9090ce6a8c26823edbe505a3f1e5155672fd4a7296fc3e60aa063f416158fcf4,20227063,1634257722,10/15/2021 0:28,0x5e06e1da9b7cb3ddd0df596003ad4cb852f51955,0xd9470329872b307d31234726b7abca6ad6b22dc4,0.6442270810,0x65ecc455,Polyg_04.csv
,0x9090ce6a8c26823edbe505a3f1e5155672fd4a7296fc3e60aa063f416158fcf4,20227063,1634257722,10/15/2021 0:28,0xd9470329872b307d31234726b7abca6ad6b22dc4,0x92475eba8ea6f242c2cb757d6a39a531f9cf3317,0.6442270810,0x65ecc455,Polyg_04.csv
,0x38371bec8e0baa00fb890ccdfa82475e3cdcb755afedaa2dbf13daf5740fbc14,20227069,1634257746,10/15/2021 0:29,0xf0ebc5a89c6e47c7d205b1d304fa31658df2b4bf,0x5e06e1da9b7cb3ddd0df596003ad4cb852f51955,10.0000000000,Swap Exact Tokens For Tokens,Polyg_04.csv
,0x1824f8d44161c2337d9e5d790320d47033b107f3b8f5cc7462082080c8411404,20227069,1634257746,10/15/2021 0:29,0x5e06e1da9b7cb3ddd0df596003ad4cb852f51955,0x227c497fc49aa5f8cfa944987eddc31bf5be5afa,0.9965676260,0x49b01961,Polyg_04.csv
,0x1824f8d44161c2337d9e5d790320d47033b107f3b8f5cc7462082080c8411404,20227069,1634257746,10/15/2021 0:29,0x227c497fc49aa5f8cfa944987eddc31bf5be5afa,0x92475eba8ea6f242c2cb757d6a39a531f9cf3317,0.9965676260,0x49b01961,Polyg_04.csv
,0xf9a91e287e054edc2b712993ced0fa80723a988438f785d9bf47e13ca93b16db,20227069,1634257746,10/15/2021 0:29,0x5e06e1da9b7cb3ddd0df596003ad4cb852f51955,0x7ca193c5886d4c662bbb2f8f2a5ed9f5be84b1d3,0.1503077710,0x8dea6891,Polyg_04.csv
,0x3a05b27b3acd8ad911a520175063b74b98f3f0849eab77428deab7d01261eb28,20227071,1634257754,10/15/2021 0:29,0x5e06e1da9b7cb3ddd0df596003ad4cb852f51955,0x24c1d2305e3807d3989a62b1b0e12d2ba1e28cc3,17.3713765500,0x192e448b,Polyg_04.csv
,0x6a283b31d1165a1c23e0512ac93d0a1990ae2470c87326f13d0a6ac5615d255c,20227071,1634257754,10/15/2021 0:29,0x5e06e1da9b7cb3ddd0df596003ad4cb852f51955,0x8ed072161e76c4c0103a91998aaf6a2034194a37,19.1233837600,Swap Exact Tokens For Tokens,Polyg_04.csv
,0x1d45bf42f6072d69d32b0430f0beddf7e608a8db132e853cf870a687e64fbba7,20227071,1634257754,10/15/2021 0:29,0x24c1d2305e3807d3989a62b1b0e12d2ba1e28cc3,0x5e06e1da9b7cb3ddd0df596003ad4cb852f51955,17.3713765500,0x13727134,Polyg_04.csv
,0x86722e348baa681beb1523bbb78d1e77846f96b7846cf613d8380a2fdf0141b1,20227107,1634257830,10/15/2021 0:30,0x5e06e1da9b7cb3ddd0df596003ad4cb852f51955,0x8ed072161e76c4c0103a91998aaf6a2034194a37,0.3203934440,Swap Exact ETH For Tokens,Polyg_04.csv
,0x7e53ba05edac2de7354c14e3a94f9e0da6da6bfb3c2b6e7f5c5998a04922bd5c,20227107,1634257830,10/15/2021 0:30,0xf0ebc5a89c6e47c7d205b1d304fa31658df2b4bf,0x5e06e1da9b7cb3ddd0df596003ad4cb852f51955,10.0000000000,Swap Exact Tokens For Tokens,Polyg_04.csv
,0xe6c264483197ec7fbd655811b03172d24a3fc80ba1d7375fff50bbbd2968076c,20227133,1634257882,10/15/2021 0:31,0xf0ebc5a89c6e47c7d205b1d304fa31658df2b4bf,0x5e06e1da9b7cb3ddd0df596003ad4cb852f51955,10.0000000000,Swap Exact Tokens For Tokens,Polyg_04.csv
,0xc97fc4291116dbef670726f1c33d0d119440a33716d1b4132074324e9a5c0827,20227171,1634257962,10/15/2021 0:32,0xf0ebc5a89c6e47c7d205b1d304fa31658df2b4bf,0x5e06e1da9b7cb3ddd0df596003ad4cb852f51955,10.0000000000,Swap Exact Tokens For Tokens,Polyg_04.csv
,0xc9f4c0e5d6a59f8f60023436ce4067940a32fcb5bedac6c3f6933df1377007e9,20227171,1634257962,10/15/2021 0:32,0x5e06e1da9b7cb3ddd0df596003ad4cb852f51955,0xd9470329872b307d31234726b7abca6ad6b22dc4,0.6511024830,0x65ecc455,Polyg_04.csv
,0xc9f4c0e5d6a59f8f60023436ce4067940a32fcb5bedac6c3f6933df1377007e9,20227171,1634257962,10/15/2021 0:32,0xd9470329872b307d31234726b7abca6ad6b22dc4,0x92475eba8ea6f242c2cb757d6a39a531f9cf3317,0.6511024830,0x65ecc455,Polyg_04.csv
,0xe779fd1ebf2b34f63f9c3a4715f422e8e6e25dacb23eb48a233a5f440b153b84,20227173,1634257966,10/15/2021 0:32,0x5e06e1da9b7cb3ddd0df596003ad4cb852f51955,0xbe5e909e758bdad9531ad903b7bd90758664f6a4,0.1294352420,0x0784eae6,Polyg_04.csv
,0x0f4229dc8fab32c0642ec12b97838f3546c2e21f6fe053f8ee5856cb066120d1,20227186,1634257992,10/15/2021 0:33,0xf0ebc5a89c6e47c7d205b1d304fa31658df2b4bf,0x5e06e1da9b7cb3ddd0df596003ad4cb852f51955,10.0000000000,Swap Exact Tokens For Tokens,Polyg_04.csv
,0x63db1f394ed0d0f4b5ac12a8759ceb220cba29b6f49a4aa87aaf487f1a968dc6,20227186,1634257992,10/15/2021 0:33,0x5e06e1da9b7cb3ddd0df596003ad4cb852f51955,0x92475eba8ea6f242c2cb757d6a39a531f9cf3317,0.9477201120,0x8dea6891,Polyg_04.csv
,0x4de8858b6919b9260559395fd03a2b333b7c8c19c7bb3b8656ee372080e4a341,20227188,1634257996,10/15/2021 0:33,0x5e06e1da9b7cb3ddd0df596003ad4cb852f51955,0x7ca193c5886d4c662bbb2f8f2a5ed9f5be84b1d3,0.1575500480,0x0784eae6,Polyg_04.csv
,0xd5b1175eca496189206c069b6bb233f656bbdd8f3ba1b50e037c93efcb0cd53f,20227201,1634258026,10/15/2021 0:33,0xf0ebc5a89c6e47c7d205b1d304fa31658df2b4bf,0x5e06e1da9b7cb3ddd0df596003ad4cb852f51955,10.0000000000,Swap Exact Tokens For Tokens,Polyg_04.csv
,0xb90d68088ab172c61ed1811d362002c052bc2054846656eda53c81f6aed509f2,20227202,1634258028,10/15/2021 0:33,0x5e06e1da9b7cb3ddd0df596003ad4cb852f51955,0x227c497fc49aa5f8cfa944987eddc31bf5be5afa,0.9965476130,0x49b01961,Polyg_04.csv
,0xb90d68088ab172c61ed1811d362002c052bc2054846656eda53c81f6aed509f2,20227202,1634258028,10/15/2021 0:33,0x227c497fc49aa5f8cfa944987eddc31bf5be5afa,0x92475eba8ea6f242c2cb757d6a39a531f9cf3317,0.9965476130,0x49b01961,Polyg_04.csv
,0xf444b2d2f455554a0a62251592dfeb82177ccc16ff9089ea06bd05f95f23c819,20227319,1634258266,10/15/2021 0:37,0x7ca193c5886d4c662bbb2f8f2a5ed9f5be84b1d3,0x7d3a1214fb53a4474fc5e1e8fbb11cdb586f9574,0.0333715410,Buy And Free22457070633,Polyg_04.csv
,0xf444b2d2f455554a0a62251592dfeb82177ccc16ff9089ea06bd05f95f23c819,20227319,1634258266,10/15/2021 0:37,0x5e06e1da9b7cb3ddd0df596003ad4cb852f51955,0x3ac05f07905a990fbc60f4f0c0547b9142e0e4af,0.0349309280,Buy And Free22457070633,Polyg_04.csv
,0xe4bc2f3c29160c167693f1262939cbac1c2a36555afa00f5b9bb5faae2e1c43f,20227643,1634259054,10/15/2021 0:50,0x5e06e1da9b7cb3ddd0df596003ad4cb852f51955,0x7ca193c5886d4c662bbb2f8f2a5ed9f5be84b1d3,0.0675713290,Buy And Free22457070633,Polyg_04.csv
,0x555667f8f190f9bf1b31ab50a0773bc1fbff1d6aeefd70d2bed8d042c8b96830,20227929,1634259782,10/15/2021 1:03,0x5e06e1da9b7cb3ddd0df596003ad4cb852f51955,0x458fa09cdd74094cf624c7e01c349c2fdc9ca27e,0.0346633290,0x8dea6891,Polyg_04.csv
,0xe537059970f8e05256525901ddf7835b2fcc0a386fcfe6a009c32056a6ecce3c,20227929,1634259782,10/15/2021 1:03,0x5e06e1da9b7cb3ddd0df596003ad4cb852f51955,0xf1e3faf1b16763f232f02ebed5669e8e0a96ed57,0.0211807460,0x8dea6891,Polyg_04.csv
,0x0d58db9a8674eec383eab103233fe482835ff53ba53e36f6a5b1bc1fac9b40f7,20227929,1634259782,10/15/2021 1:03,0x7ca193c5886d4c662bbb2f8f2a5ed9f5be84b1d3,0x550061dfded6a264b37f1763c6290af2459f4329,0.0163215730,0x8dea6891,Polyg_04.csv
,0xcd6d48f6e9b5e612983af74ba33b45dc2d0857d55a72375aca076612ab7b4d8c,20227940,1634259804,10/15/2021 1:03,0x7ca193c5886d4c662bbb2f8f2a5ed9f5be84b1d3,0xebee0e9322309a7c5ad8fc8fa6ed7972e2924259,0.0083610300,0x8dea6891,Polyg_04.csv
,0xc2463f6b145a1474bfbf33bbe00385eeb7a541e4c1e54ce6a6a429e2442af35d,20227948,1634259820,10/15/2021 1:03,0x5e06e1da9b7cb3ddd0df596003ad4cb852f51955,0xd172fa021f3c3e804e0beeb28c96626c0d0e31cd,0.0451403980,0x692a5c96,Polyg_04.csv
,0x9f7dd575fa5617cbe16ef127d209b3d08eca87cc08382bce1e82feaed420b311,20227952,1634259828,10/15/2021 1:03,0x5e06e1da9b7cb3ddd0df596003ad4cb852f51955,0x0d8f66f2a1b1bd5960d06f6b45d9e3afb81b0be1,0.0184724420,0x8dea6891,Polyg_04.csv
,0xc63990d081c605c2e0f19f960a22f8fc2565e6876b1a4001965ccf380e542a06,20227952,1634259828,10/15/2021 1:03,0x5e06e1da9b7cb3ddd0df596003ad4cb852f51955,0xd8ca3102f993a2b2ac5e992a6bbc1aabe41852d6,0.0169714960,0x8dea6891,Polyg_04.csv
,0x600026de82c2c0d3c333f5d9aa936bfa7fdbecd437f45cbdface6f91c9a544ac,20227954,1634259832,10/15/2021 1:03,0x7ca193c5886d4c662bbb2f8f2a5ed9f5be84b1d3,0x64b6ac2458ab528d05bf3ac27775cbeac61969b1,0.0123527300,0x8dea6891,Polyg_04.csv
,0x7368b1d6cca6fda2d02b68dfaa105d882b54157095d4f6d8be8bf62891b87bc8,20228016,1634259960,10/15/2021 1:06,0x5e06e1da9b7cb3ddd0df596003ad4cb852f51955,0xd6685e4751eacf5ab72429448a9be2a99be148b8,0.0277190800,Buy And Free22457070633,Polyg_04.csv
,0xc82557184aeff02881308d17f084e1b07c552243e3a48ae3f9eead9034352c76,20228329,1634260609,10/15/2021 1:16,0x5e06e1da9b7cb3ddd0df596003ad4cb852f51955,0x7f28c9f36e3319fede9c3779a4bc869d10896ee4,10.1963399700,Swap Exact ETH For Tokens,Polyg_04.csv
,0x7b4560e249f8f2dda47073bdc169bfe9f058756f0382cacc55794626265cb8fa,20228341,1634260633,10/15/2021 1:17,0x5e06e1da9b7cb3ddd0df596003ad4cb852f51955,0x7f28c9f36e3319fede9c3779a4bc869d10896ee4,10.3412921400,Swap Exact Tokens For Tokens,Polyg_04.csv
,0x2d0792f919c80e5fb7eb708fa9cb20190fd3c4a8715f76ef6bfc281895fc23db,20229432,1634263078,10/15/2021 1:57,0x5e06e1da9b7cb3ddd0df596003ad4cb852f51955,0x0e43245f7af3cfb1d4838e6704f27d09a8b4b072,0.0439374750,Convert Multiple,Polyg_04.csv
,0x2d0792f919c80e5fb7eb708fa9cb20190fd3c4a8715f76ef6bfc281895fc23db,20229432,1634263078,10/15/2021 1:57,0x0e43245f7af3cfb1d4838e6704f27d09a8b4b072,0xbe5e909e758bdad9531ad903b7bd90758664f6a4,0.0439374750,Convert Multiple,Polyg_04.csv
,0x2d0792f919c80e5fb7eb708fa9cb20190fd3c4a8715f76ef6bfc281895fc23db,20229432,1634263078,10/15/2021 1:57,0x7ca193c5886d4c662bbb2f8f2a5ed9f5be84b1d3,0x0e43245f7af3cfb1d4838e6704f27d09a8b4b072,0.0003370920,Convert Multiple,Polyg_04.csv
,0x2d0792f919c80e5fb7eb708fa9cb20190fd3c4a8715f76ef6bfc281895fc23db,20229432,1634263078,10/15/2021 1:57,0x0e43245f7af3cfb1d4838e6704f27d09a8b4b072,0xbe5e909e758bdad9531ad903b7bd90758664f6a4,0.0003370920,Convert Multiple,Polyg_04.csv
,0x2d0792f919c80e5fb7eb708fa9cb20190fd3c4a8715f76ef6bfc281895fc23db,20229432,1634263078,10/15/2021 1:57,0xbe5e909e758bdad9531ad903b7bd90758664f6a4,0x0e43245f7af3cfb1d4838e6704f27d09a8b4b072,0.0002510370,Convert Multiple,Polyg_04.csv
,0x2d0792f919c80e5fb7eb708fa9cb20190fd3c4a8715f76ef6bfc281895fc23db,20229432,1634263078,10/15/2021 1:57,0x0e43245f7af3cfb1d4838e6704f27d09a8b4b072,0xbe5e909e758bdad9531ad903b7bd90758664f6a4,0.0002510370,Convert Multiple,Polyg_04.csv
,0xb9953d852499a6ccfee8235494a5e8395b0951ae0dfab14ef435d5ab427e03de,20230484,1634265634,10/15/2021 2:40,0x92475eba8ea6f242c2cb757d6a39a531f9cf3317,0xd6685e4751eacf5ab72429448a9be2a99be148b8,0.0293197560,0x94cf94ba,Polyg_04.csv
,0xca51bb75ac77496919a115eeb52f8397cfc246bafc0d46664831dc24d4073e42,20231137,1634267152,10/15/2021 3:05,0x92475eba8ea6f242c2cb757d6a39a531f9cf3317,0xbe5e909e758bdad9531ad903b7bd90758664f6a4,0.0554981990,0xc23325c3,Polyg_04.csv
,0x5108fad1189b49ed2ec08efb9d80332ab249e96b2f0f5b5074c39018732cb31a,20231153,1634267184,10/15/2021 3:06,0x92475eba8ea6f242c2cb757d6a39a531f9cf3317,0x7ca193c5886d4c662bbb2f8f2a5ed9f5be84b1d3,0.0814180000,0xc23325c3,Polyg_04.csv
,0x143eeb8b3efe23fd2e9bdf599fa3d1a52a6f8b2143843918424d951f7032ff43,20231155,1634267188,10/15/2021 3:06,0x7ca193c5886d4c662bbb2f8f2a5ed9f5be84b1d3,0xb9496155b8d6031826b3c194826e9aef15f28f2f,0.0129560600,0x8dea6891,Polyg_04.csv
,0x024aaeb9a92e30fc8249f67b08ae745e1a1771ca64a5df2908d2c23da67a51aa,20232155,1634270149,10/15/2021 3:55,0x5e06e1da9b7cb3ddd0df596003ad4cb852f51955,0xc6f5f33980b21699cd059fafa719146ebd843c88,6.0351273890,Swap Exact Tokens For Tokens,Polyg_04.csv
,0x798bf7961fa9a0d62c0a6b8ec2a11a6ebe1934e3e3274a612d96e2ff8eaeb974,20232155,1634270149,10/15/2021 3:55,0x92475eba8ea6f242c2cb757d6a39a531f9cf3317,0x227c497fc49aa5f8cfa944987eddc31bf5be5afa,0.6042933040,0x49b01961,Polyg_04.csv
,0x798bf7961fa9a0d62c0a6b8ec2a11a6ebe1934e3e3274a612d96e2ff8eaeb974,20232155,1634270149,10/15/2021 3:55,0x227c497fc49aa5f8cfa944987eddc31bf5be5afa,0x5e06e1da9b7cb3ddd0df596003ad4cb852f51955,0.6035127050,0x49b01961,Polyg_04.csv
,0x798bf7961fa9a0d62c0a6b8ec2a11a6ebe1934e3e3274a612d96e2ff8eaeb974,20232155,1634270149,10/15/2021 3:55,0x227c497fc49aa5f8cfa944987eddc31bf5be5afa,0x7f46fd1c1357e7ee1f35a8cd488b70391e08fb3c,0.0007806000,0x49b01961,Polyg_04.csv
,0x8d8d5d7cfda8c22c70a94b87b102344834224aade01c94645e8701d87333c78b,20232343,1634270665,10/15/2021 4:04,0x92475eba8ea6f242c2cb757d6a39a531f9cf3317,0x37d48abc25dc888a9d05c12238d09810f6dcdf60,0.5364288420,0xb3d16931,Polyg_04.csv
,0x8d8d5d7cfda8c22c70a94b87b102344834224aade01c94645e8701d87333c78b,20232343,1634270665,10/15/2021 4:04,0x37d48abc25dc888a9d05c12238d09810f6dcdf60,0x7ca193c5886d4c662bbb2f8f2a5ed9f5be84b1d3,0.5364288420,0xb3d16931,Polyg_04.csv
,0x415c80e3647688d1c584e59e405af30a8897e300bef511aa2da6e73286fc0501,20232717,1634272334,10/15/2021 4:32,0x5e06e1da9b7cb3ddd0df596003ad4cb852f51955,0x057e76d3491dddbcbe4f08ecf9c7e4db3ba82a2e,0.0192023410,0xc5327ae0,Polyg_04.csv
,0x3b0974d0786613d48b2c830b24eafbb974a68890a7d42e515190d19cb72720e6,20232805,1634272666,10/15/2021 4:37,0x7ca193c5886d4c662bbb2f8f2a5ed9f5be84b1d3,0xcf6bb16b3e9f3ef96b604b76ff34e8dc23329d05,0.0169268760,0x94cf94ba,Polyg_04.csv
,0x3b0974d0786613d48b2c830b24eafbb974a68890a7d42e515190d19cb72720e6,20232805,1634272666,10/15/2021 4:37,0xcf6bb16b3e9f3ef96b604b76ff34e8dc23329d05,0x04f69f16ae055a18c63ac1182e6502181323e0ce,0.0169268760,0x94cf94ba,Polyg_04.csv
,0xf7b354f1c5a301eddff2b2fe2e5f68644b74282a6c15780efe3daab2e48dfe4c,20232805,1634272666,10/15/2021 4:37,0x5e06e1da9b7cb3ddd0df596003ad4cb852f51955,0x7ca193c5886d4c662bbb2f8f2a5ed9f5be84b1d3,0.1594431210,Buy And Free22457070633,Polyg_04.csv
,0xee88dba859f37b1a0c8d961817c0c8d54f117c1445bc52a8c5b10cdb08977f9e,20232810,1634272696,10/15/2021 4:38,0x7ca193c5886d4c662bbb2f8f2a5ed9f5be84b1d3,0xbdadabcc69cbc677e407b680468fa696f011d145,0.0171888560,0x8dea6891,Polyg_04.csv
,0x4b0271f2dd627a273a27f54f0ebd89da09dd2c7e27c780f7ae639194e5655eb9,20232818,1634272744,10/15/2021 4:39,0x7ca193c5886d4c662bbb2f8f2a5ed9f5be84b1d3,0x40b94c6a80e666669fc6a403c8e60932e6b3c6d3,0.0213914650,0x8dea6891,Polyg_04.csv
,0x8e404ed50367842693f87941fbc38f2e19ed95ef489785713d81fb31b9885973,20233080,1634273692,10/15/2021 4:54,0x92475eba8ea6f242c2cb757d6a39a531f9cf3317,0x7ca193c5886d4c662bbb2f8f2a5ed9f5be84b1d3,0.2138261230,0x8dea6891,Polyg_04.csv
,0x1f09541516b7211677213f206a5d287f2350ab06c6608556dbaa5b9614dea087,20233107,1634273778,10/15/2021 4:56,0x5e06e1da9b7cb3ddd0df596003ad4cb852f51955,0x0b1413e95202570287f490f6cae04f60ec1018be,0.0214123820,0xc5327ae0,Polyg_04.csv
,0x1f09541516b7211677213f206a5d287f2350ab06c6608556dbaa5b9614dea087,20233107,1634273778,10/15/2021 4:56,0x0b1413e95202570287f490f6cae04f60ec1018be,0x79d3cfa3762b3a4684815b0a5c54da1598e4d94b,0.0206673910,0xc5327ae0,Polyg_04.csv
,0xd0667b3fc84ea5a9b734d61fec29bab9b5d57888fbe26fc687517dfa85c4d4da,20233375,1634274458,10/15/2021 5:07,0x7ca193c5886d4c662bbb2f8f2a5ed9f5be84b1d3,0xcf6bb16b3e9f3ef96b604b76ff34e8dc23329d05,0.0146941290,0x94cf94ba,Polyg_04.csv
,0xd0667b3fc84ea5a9b734d61fec29bab9b5d57888fbe26fc687517dfa85c4d4da,20233375,1634274458,10/15/2021 5:07,0xcf6bb16b3e9f3ef96b604b76ff34e8dc23329d05,0x7828edb5a0008fb48bc0723b4563ffe53ac0d78d,0.0146941290,0x94cf94ba,Polyg_04.csv
,0xa7a36a452f542d270612b7c0649653fb47e3f971e74a084649b0defdb0599b95,20234349,1634277140,10/15/2021 5:52,0x7ca193c5886d4c662bbb2f8f2a5ed9f5be84b1d3,0xbee6b7220be3f74eb09979b51a358ae2f1be3265,0.0161123650,0x8dea6891,Polyg_04.csv
,0x52d147cc22224b6b92ee04bc102301ea007a7fea878d24dbab073253f6a36084,20234351,1634277144,10/15/2021 5:52,0x7ca193c5886d4c662bbb2f8f2a5ed9f5be84b1d3,0xa2879d8440382a140ceaf66c0a0fd0b093b969ca,0.0088910520,0x8dea6891,Polyg_04.csv
,0x2df1bf17cf82731431a74a4c785735b2397be4abdfb0b784974f040a0b8ba03e,20234618,1634277822,10/15/2021 6:03,0x92475eba8ea6f242c2cb757d6a39a531f9cf3317,0x7ca193c5886d4c662bbb2f8f2a5ed9f5be84b1d3,0.1775301070,0x8dea6891,Polyg_04.csv
,0xc44501a0e7deb522c8b48cbb259982e67d871661d0facde30b881d5929d3c438,20234952,1634279044,10/15/2021 6:24,0xbe5e909e758bdad9531ad903b7bd90758664f6a4,0x82243eca6d00c0119e40ecd2ef54672cdc53e5fe,0.0288526460,0xc5327ae0,Polyg_04.csv
,0xe2f52359938f11d31c905efa71cafe80bc073ff13306439ea9fe3633b9239c59,20235022,1634279298,10/15/2021 6:28,0x92475eba8ea6f242c2cb757d6a39a531f9cf3317,0x7ca193c5886d4c662bbb2f8f2a5ed9f5be84b1d3,0.2699128060,0x94cf94ba,Polyg_04.csv
,0x6b198c9bdaaba402531e447979460f9bb267d47e5554c752ec7a3a682af0678d,20235260,1634279786,10/15/2021 6:36,0x5e06e1da9b7cb3ddd0df596003ad4cb852f51955,0x7ca193c5886d4c662bbb2f8f2a5ed9f5be84b1d3,0.1889697580,0x8dea6891,Polyg_04.csv
,0xc9e82ff110bb626adb43225c0748cb42ff7a1c431d59c5e4d582811e91d656d9,20235385,1634280300,10/15/2021 6:45,0x7ca193c5886d4c662bbb2f8f2a5ed9f5be84b1d3,0x0a3dd4ec721ab778786c9f4a448d5cb0f5ac9719,0.0285696330,Swap,Polyg_04.csv
,0xb641628c2273dbdd266f163b76829df61f0dc7fc9a64d7a20b17947c296cc1af,20235541,1634280752,10/15/2021 6:52,0x7ca193c5886d4c662bbb2f8f2a5ed9f5be84b1d3,0x92475eba8ea6f242c2cb757d6a39a531f9cf3317,0.1153838210,Swap,Polyg_04.csv
,0xccd8a792585d2fd2e19ea530c6176ae1cf47dc8e80674db2122e500e64bf47bc,20235882,1634281967,10/15/2021 7:12,0x5e06e1da9b7cb3ddd0df596003ad4cb852f51955,0x7ca193c5886d4c662bbb2f8f2a5ed9f5be84b1d3,0.1445016910,Buy And Free22457070633,Polyg_04.csv
,0x33d52836d582d4d117f85f391091833d447663853827d479f89f1d8cec7aef00,20236232,1634283081,10/15/2021 7:31,0x0d8f66f2a1b1bd5960d06f6b45d9e3afb81b0be1,0x8138af3017824eea39ec242ddc6bab1101d69507,0.0134351780,Buy And Free22457070633,Polyg_04.csv
,0xe47f47255bb0bd08927f52ffb895350949e3c407eab46723f31110e538de8657,20236644,1634284425,10/15/2021 7:53,0x5e06e1da9b7cb3ddd0df596003ad4cb852f51955,0x000dce98155378c093262d4fe38f383aec1e30ac,0.0292182320,Swap,Polyg_04.csv
,0x59160be7ec7b14b5a0e629c4506c24dc2e7466038b7bffe031ba6f3d849a7484,20236703,1634284719,10/15/2021 7:58,0x5e06e1da9b7cb3ddd0df596003ad4cb852f51955,0x7ca193c5886d4c662bbb2f8f2a5ed9f5be84b1d3,0.2447234570,Buy And Free22457070633,Polyg_04.csv
,0x5a5fba9978ba3174bbcf6b7bbe5e883aa5a1e5b8020b148c202f4d834f28359b,20237269,1634286335,10/15/2021 8:25,0x5e06e1da9b7cb3ddd0df596003ad4cb852f51955,0x7ca193c5886d4c662bbb2f8f2a5ed9f5be84b1d3,0.4676358280,0x8dea6891,Polyg_04.csv
,0x9bec3fc017e8d43936abd2129b7f4b5d537f06c3128877689d14b43ae58dcbbd,20237641,1634287233,10/15/2021 8:40,0x5e06e1da9b7cb3ddd0df596003ad4cb852f51955,0x0e43245f7af3cfb1d4838e6704f27d09a8b4b072,0.1917227190,Convert Multiple,Polyg_04.csv
,0x9bec3fc017e8d43936abd2129b7f4b5d537f06c3128877689d14b43ae58dcbbd,20237641,1634287233,10/15/2021 8:40,0x0e43245f7af3cfb1d4838e6704f27d09a8b4b072,0xbe5e909e758bdad9531ad903b7bd90758664f6a4,0.1917227190,Convert Multiple,Polyg_04.csv
,0x9bec3fc017e8d43936abd2129b7f4b5d537f06c3128877689d14b43ae58dcbbd,20237641,1634287233,10/15/2021 8:40,0x7ca193c5886d4c662bbb2f8f2a5ed9f5be84b1d3,0x0e43245f7af3cfb1d4838e6704f27d09a8b4b072,0.0014128810,Convert Multiple,Polyg_04.csv
,0x9bec3fc017e8d43936abd2129b7f4b5d537f06c3128877689d14b43ae58dcbbd,20237641,1634287233,10/15/2021 8:40,0x0e43245f7af3cfb1d4838e6704f27d09a8b4b072,0xbe5e909e758bdad9531ad903b7bd90758664f6a4,0.0014128810,Convert Multiple,Polyg_04.csv
,0x9bec3fc017e8d43936abd2129b7f4b5d537f06c3128877689d14b43ae58dcbbd,20237641,1634287233,10/15/2021 8:40,0xbe5e909e758bdad9531ad903b7bd90758664f6a4,0x0e43245f7af3cfb1d4838e6704f27d09a8b4b072,0.0001813090,Convert Multiple,Polyg_04.csv
,0x9bec3fc017e8d43936abd2129b7f4b5d537f06c3128877689d14b43ae58dcbbd,20237641,1634287233,10/15/2021 8:40,0x0e43245f7af3cfb1d4838e6704f27d09a8b4b072,0xbe5e909e758bdad9531ad903b7bd90758664f6a4,0.0001813090,Convert Multiple,Polyg_04.csv
,0x204fa68e5cdb57d488f390ce84722a2280804f96e5f1686f845e23f3903c2d17,20237645,1634287241,10/15/2021 8:40,0xbe5e909e758bdad9531ad903b7bd90758664f6a4,0x7ca193c5886d4c662bbb2f8f2a5ed9f5be84b1d3,0.2045957950,Swap,Polyg_04.csv
,0xf52e7288e9c0359890e3a5bd20caaadb32c07b113324241531bcf062552d753a,20238056,1634288357,10/15/2021 8:59,0x7ca193c5886d4c662bbb2f8f2a5ed9f5be84b1d3,0x057e76d3491dddbcbe4f08ecf9c7e4db3ba82a2e,0.0402026230,Buy And Free22457070633,Polyg_04.csv
,0x7200ac93b0807bbe6c5cdfd3a4bd80613c681eada10b4065602c8c732430d15c,20239115,1634291229,10/15/2021 9:47,0x5e06e1da9b7cb3ddd0df596003ad4cb852f51955,0x458fa09cdd74094cf624c7e01c349c2fdc9ca27e,0.0565080820,Swap,Polyg_04.csv
,0x937d1ecff9742116430dd8a78a051fa76d875cec21601a61670d583fa65eca48,20239372,1634291759,10/15/2021 9:55,0x5e06e1da9b7cb3ddd0df596003ad4cb852f51955,0x7ca193c5886d4c662bbb2f8f2a5ed9f5be84b1d3,0.2176493220,0x8dea6891,Polyg_04.csv
,0xfb44d4dbbe401d7f26d22e2b9b9be21651bc20d3a77ef86a4617150e75e604c4,20239374,1634291763,10/15/2021 9:56,0x7ca193c5886d4c662bbb2f8f2a5ed9f5be84b1d3,0x40b94c6a80e666669fc6a403c8e60932e6b3c6d3,0.0339586220,0x8dea6891,Polyg_04.csv
,0x088b02412472aa65f565322c03e0c555014e6bdf2a3ba8fbe15e2e772d37018a,20240584,1634295045,10/15/2021 10:50,0x7ca193c5886d4c662bbb2f8f2a5ed9f5be84b1d3,0x92475eba8ea6f242c2cb757d6a39a531f9cf3317,0.3104069490,Swap,Polyg_04.csv
,0x628447f5a20b7fc3b2920b99203a3fd3d841a8252f45613ea7d9dfb30abeb3f9,20241080,1634296303,10/15/2021 11:11,0x057e76d3491dddbcbe4f08ecf9c7e4db3ba82a2e,0xebee0e9322309a7c5ad8fc8fa6ed7972e2924259,0.0246554020,Buy And Free22457070633,Polyg_04.csv
,0x628447f5a20b7fc3b2920b99203a3fd3d841a8252f45613ea7d9dfb30abeb3f9,20241080,1634296303,10/15/2021 11:11,0xd6685e4751eacf5ab72429448a9be2a99be148b8,0x7ca193c5886d4c662bbb2f8f2a5ed9f5be84b1d3,0.0267181480,Buy And Free22457070633,Polyg_04.csv
,0x159de4c2357490e4b72ffd884b4e02f1243e8bcee9436bb6c74ea6b3fa07f5b7,20242100,1634298797,10/15/2021 11:53,0x7ca193c5886d4c662bbb2f8f2a5ed9f5be84b1d3,0x5e06e1da9b7cb3ddd0df596003ad4cb852f51955,0.0813794850,Buy And Free22457070633,Polyg_04.csv
,0x073ec39e668474aafbf9e3af567a3a11fa35df59f26940879932f4e0e912b4e4,20242752,1634300403,10/15/2021 12:20,0x5e06e1da9b7cb3ddd0df596003ad4cb852f51955,0xb324a5c8e61dba2a4a03a053f8c42629a0226d56,18.2769448400,Swap Exact Tokens For Tokens,Polyg_04.csv
,0x6137a72f0fe60d65f3d1152c46f7955cb50dee6f1509c8cb8dc183a444cc5c64,20242752,1634300403,10/15/2021 12:20,0x92475eba8ea6f242c2cb757d6a39a531f9cf3317,0x5e06e1da9b7cb3ddd0df596003ad4cb852f51955,0.8760471230,0x8dea6891,Polyg_04.csv
,0xc34493ea0669560830b641124bf5df32bc2a8910a0a76cf95718d8c0b75129fc,20242753,1634300407,10/15/2021 12:20,0x7ca193c5886d4c662bbb2f8f2a5ed9f5be84b1d3,0x5e06e1da9b7cb3ddd0df596003ad4cb852f51955,0.2094077800,0x0784eae6,Polyg_04.csv
,0xbfd4a746793b4158c8e180700f649acc8ff79eeef5e6b5b41e48bd2f3909274c,20242911,1634300855,10/15/2021 12:27,0x5e06e1da9b7cb3ddd0df596003ad4cb852f51955,0xb324a5c8e61dba2a4a03a053f8c42629a0226d56,20.0244004100,Swap Exact Tokens For Tokens,Polyg_04.csv
,0xdd24a8e52727d1be119cfbb7257aca091507139bc3155747e8b38adf8040fbf4,20242911,1634300855,10/15/2021 12:27,0x92475eba8ea6f242c2cb757d6a39a531f9cf3317,0x5e06e1da9b7cb3ddd0df596003ad4cb852f51955,1.6764821970,0x0784eae6,Polyg_04.csv
,0x5c5c3e6ab96b932ddd7bd93be4edfc44b78627a051e4e1334457009021852e1f,20242941,1634300915,10/15/2021 12:28,0x7ca193c5886d4c662bbb2f8f2a5ed9f5be84b1d3,0x5e06e1da9b7cb3ddd0df596003ad4cb852f51955,0.0851612200,Buy And Free22457070633,Polyg_04.csv
,0x77bfef57f159d0e4b0fe7e0c3d746a797b2b33108367af7a743c07a21b17dd1e,20243187,1634301425,10/15/2021 12:37,0x5e06e1da9b7cb3ddd0df596003ad4cb852f51955,0xafb0faea480a0150f298bbb756e56335ea9f38d6,5.8335837990,Swap Exact Tokens For Tokens,Polyg_04.csv
,0x1ba5ee35f9d68206d638d78c94b730756394139dab8f68a2494247bf14147c30,20243203,1634301461,10/15/2021 12:37,0xbe5e909e758bdad9531ad903b7bd90758664f6a4,0x5e06e1da9b7cb3ddd0df596003ad4cb852f51955,0.1609638370,Swap,Polyg_04.csv
,0x3ef0ed16ad60d1431aa4201e41a1cd18c7cc144dcbaaac4bdfa75e13afd2425a,20243241,1634301537,10/15/2021 12:38,0x92475eba8ea6f242c2cb757d6a39a531f9cf3317,0x5e06e1da9b7cb3ddd0df596003ad4cb852f51955,0.5768952990,Buy And Free22457070633,Polyg_04.csv
,0xd3d5ba5b3aa008a0e1cfd839a0316151392461153174ce6675bef0802f6b2259,20243702,1634302743,10/15/2021 12:59,0x13b09ab9f819d28d82a672bec51d721b62507617,0x7ca193c5886d4c662bbb2f8f2a5ed9f5be84b1d3,0.0266283260,Buy And Free22457070633,Polyg_04.csv
,0x5c433ff3d802e8c3356e6b6ff9e122158b9f0e535ed96ef81d5578f49a1bcda6,20243961,1634303406,10/15/2021 13:10,0x7ca193c5886d4c662bbb2f8f2a5ed9f5be84b1d3,0x11431a89893025d2a48dca4eddc396f8c8117187,0.0868626240,Swap,Polyg_04.csv
,0x5c433ff3d802e8c3356e6b6ff9e122158b9f0e535ed96ef81d5578f49a1bcda6,20243961,1634303406,10/15/2021 13:10,0x92475eba8ea6f242c2cb757d6a39a531f9cf3317,0x11431a89893025d2a48dca4eddc396f8c8117187,0.7759772770,Swap,Polyg_04.csv
,0x5c433ff3d802e8c3356e6b6ff9e122158b9f0e535ed96ef81d5578f49a1bcda6,20243961,1634303406,10/15/2021 13:10,0x11431a89893025d2a48dca4eddc396f8c8117187,0xc590175e458b83680867afd273527ff58f74c02b,0.8628399000,Swap,Polyg_04.csv
,0x5c433ff3d802e8c3356e6b6ff9e122158b9f0e535ed96ef81d5578f49a1bcda6,20243961,1634303406,10/15/2021 13:10,0xc590175e458b83680867afd273527ff58f74c02b,0xde1d3d33a1882b6cae2b727e2a54434e38e1d58e,0.8628399000,Swap,Polyg_04.csv
,0xbad91965b4322cbbba433226af64ca4a0a6411595e23ec68c21b3d8a3bbdc245,20244312,1634304272,10/15/2021 13:24,0x5e06e1da9b7cb3ddd0df596003ad4cb852f51955,0xedafe5984467eb454dc34b4a40783a29caca2123,9.7363962010,Swap Exact ETH For Tokens,Polyg_04.csv
,0x5e5d60f9697c3057122964a60105c9a100d1bb06dd82b88e87f22861a8c0eac9,20244370,1634304392,10/15/2021 13:26,0x5e06e1da9b7cb3ddd0df596003ad4cb852f51955,0xedafe5984467eb454dc34b4a40783a29caca2123,94.1887373000,Swap Exact ETH For Tokens,Polyg_04.csv
,0xba02da7a86e17a47521ebf3e3686100fc2d2db6b3139ce6d106e9dd73eb7cd93,20244370,1634304392,10/15/2021 13:26,0x92475eba8ea6f242c2cb757d6a39a531f9cf3317,0x84e5bc3df0df0f543648f250443c6f4077218312,7.1943625110,0xcf96655e,Polyg_04.csv
,0xba02da7a86e17a47521ebf3e3686100fc2d2db6b3139ce6d106e9dd73eb7cd93,20244370,1634304392,10/15/2021 13:26,0x84e5bc3df0df0f543648f250443c6f4077218312,0x5e06e1da9b7cb3ddd0df596003ad4cb852f51955,7.1943625110,0xcf96655e,Polyg_04.csv
,0x3a70dee7d3fc84e19680362a4a5bbc9c79f2479cb51dd3c1a07a88274111277c,20244370,1634304392,10/15/2021 13:26,0x92475eba8ea6f242c2cb757d6a39a531f9cf3317,0x5e06e1da9b7cb3ddd0df596003ad4cb852f51955,0.9152704370,0xedca6525,Polyg_04.csv
,0x11bc0d34378db2731a22a2780b5204c3862e030b42ccea0c248793a0d9cb4937,20244370,1634304392,10/15/2021 13:26,0x7ca193c5886d4c662bbb2f8f2a5ed9f5be84b1d3,0x37d48abc25dc888a9d05c12238d09810f6dcdf60,0.5052323780,0xb3d16931,Polyg_04.csv
,0x11bc0d34378db2731a22a2780b5204c3862e030b42ccea0c248793a0d9cb4937,20244370,1634304392,10/15/2021 13:26,0x37d48abc25dc888a9d05c12238d09810f6dcdf60,0x5e06e1da9b7cb3ddd0df596003ad4cb852f51955,0.5052323780,0xb3d16931,Polyg_04.csv
,0x3b96422bc862b84673fb6fdba30fa0f0d740532bff2237dad4a3aaf75b46ccec,20244371,1634304394,10/15/2021 13:26,0xbe5e909e758bdad9531ad903b7bd90758664f6a4,0x5e06e1da9b7cb3ddd0df596003ad4cb852f51955,0.2086273450,0x8dea6891,Polyg_04.csv
,0x75022bd5fec2165f1872e11ba4b0826d5d231a0edff051c88a9934b9d9f2ec80,20244371,1634304394,10/15/2021 13:26,0x458fa09cdd74094cf624c7e01c349c2fdc9ca27e,0x5e06e1da9b7cb3ddd0df596003ad4cb852f51955,0.0509056280,0x8dea6891,Polyg_04.csv
,0xa59bd088c35740aa9966b05021c09eb98462ccc741718114db0b24987f079dc5,20244371,1634304394,10/15/2021 13:26,0x0d8f66f2a1b1bd5960d06f6b45d9e3afb81b0be1,0x7ca193c5886d4c662bbb2f8f2a5ed9f5be84b1d3,0.0314242540,0x8dea6891,Polyg_04.csv
,0xb3deec1e18b5c9b16addaa32c2cc00434c6ce5dc4b29bb1a4f51c6a8898bfda5,20244372,1634304396,10/15/2021 13:26,0xd172fa021f3c3e804e0beeb28c96626c0d0e31cd,0x0b1413e95202570287f490f6cae04f60ec1018be,0.0653797260,0xc5327ae0,Polyg_04.csv
,0xb3deec1e18b5c9b16addaa32c2cc00434c6ce5dc4b29bb1a4f51c6a8898bfda5,20244372,1634304396,10/15/2021 13:26,0x0b1413e95202570287f490f6cae04f60ec1018be,0x5e06e1da9b7cb3ddd0df596003ad4cb852f51955,0.0628896820,0xc5327ae0,Polyg_04.csv
,0x303ccfced864872c07ae66a36b9ad104a31f5086890c7eec6abe89e2231b13d1,20244372,1634304396,10/15/2021 13:26,0x82243eca6d00c0119e40ecd2ef54672cdc53e5fe,0x0b1413e95202570287f490f6cae04f60ec1018be,0.0306250580,0xc5327ae0,Polyg_04.csv
,0x303ccfced864872c07ae66a36b9ad104a31f5086890c7eec6abe89e2231b13d1,20244372,1634304396,10/15/2021 13:26,0x0b1413e95202570287f490f6cae04f60ec1018be,0x5e06e1da9b7cb3ddd0df596003ad4cb852f51955,0.0288225710,0xc5327ae0,Polyg_04.csv
,0x2fc7ec498e01afcd5f00e5576f4fdba257eaffb61a5972aa893ea10bb1634eef,20244372,1634304396,10/15/2021 13:26,0x057e76d3491dddbcbe4f08ecf9c7e4db3ba82a2e,0x7ca193c5886d4c662bbb2f8f2a5ed9f5be84b1d3,0.0291532260,0xc5327ae0,Polyg_04.csv
,0x728523d4dc13ea785804f63a8d3d9c8d66d7cfe41faaa1550ddd1c6a6f947f7e,20244374,1634304400,10/15/2021 13:26,0xd6685e4751eacf5ab72429448a9be2a99be148b8,0x92475eba8ea6f242c2cb757d6a39a531f9cf3317,0.0344177600,0x0784eae6,Polyg_04.csv
,0x697a053943c47cab840393bd0d93950bc547f2d39037c5777a8c86191b79a95e,20244383,1634304418,10/15/2021 13:26,0x5e06e1da9b7cb3ddd0df596003ad4cb852f51955,0x712a8a58157da4ca941519011633011b409884b9,7.3072433390,0x2e0faf48,Polyg_04.csv
,0x0e0f0c4cd244326f92b2ffd47797fe2730c5aab9d9a593ef0e4ec3e49dd2170e,20244383,1634304418,10/15/2021 13:26,0x92475eba8ea6f242c2cb757d6a39a531f9cf3317,0x5e06e1da9b7cb3ddd0df596003ad4cb852f51955,0.5833994100,0xedca6525,Polyg_04.csv
,0x6678fba8ba10e7741f2cc0ab1a77e8fabc4bd90d55271b49c4d3dfb9e62ac3b3,20244383,1634304418,10/15/2021 13:26,0x5e06e1da9b7cb3ddd0df596003ad4cb852f51955,0xedafe5984467eb454dc34b4a40783a29caca2123,89.2188947300,Swap Exact ETH For Tokens,Polyg_04.csv
,0xbda7c764b9252788dddd12525def649578bdd45c23c3305f79e7e3f2d4906a70,20244383,1634304418,10/15/2021 13:26,0x92475eba8ea6f242c2cb757d6a39a531f9cf3317,0x84e5bc3df0df0f543648f250443c6f4077218312,7.1151615700,0xcf96655e,Polyg_04.csv
,0xbda7c764b9252788dddd12525def649578bdd45c23c3305f79e7e3f2d4906a70,20244383,1634304418,10/15/2021 13:26,0x84e5bc3df0df0f543648f250443c6f4077218312,0x5e06e1da9b7cb3ddd0df596003ad4cb852f51955,7.1151615700,0xcf96655e,Polyg_04.csv
,0xfe190373c1e79d57d2ff2b89ba899267e1bab022ba25bd347b9a9ebba9592585,20244383,1634304418,10/15/2021 13:26,0x92475eba8ea6f242c2cb757d6a39a531f9cf3317,0x5e06e1da9b7cb3ddd0df596003ad4cb852f51955,0.5232964840,0xedca6525,Polyg_04.csv
,0x8f4ec9ba101305eeb01a93dce3a6cd9270571cc62e7e2b544d73112de5f397cd,20244383,1634304418,10/15/2021 13:26,0x7ca193c5886d4c662bbb2f8f2a5ed9f5be84b1d3,0x37d48abc25dc888a9d05c12238d09810f6dcdf60,0.6083735500,0xb3d16931,Polyg_04.csv
,0x8f4ec9ba101305eeb01a93dce3a6cd9270571cc62e7e2b544d73112de5f397cd,20244383,1634304418,10/15/2021 13:26,0x37d48abc25dc888a9d05c12238d09810f6dcdf60,0x5e06e1da9b7cb3ddd0df596003ad4cb852f51955,0.6083735500,0xb3d16931,Polyg_04.csv
,0x43e403c887fb0f993edd06d7468b98b537955468987d7e1a3f165b6cc389c549,20244383,1634304418,10/15/2021 13:26,0x712a8a58157da4ca941519011633011b409884b9,0x5e06e1da9b7cb3ddd0df596003ad4cb852f51955,7.3072433390,0x2e0faf48,Polyg_04.csv
,0x2e26bbd533cc0a642be0ca167467f1fd8e0f8c91203a55cc7c00d5fa3fb0808a,20244384,1634304420,10/15/2021 13:27,0xbe5e909e758bdad9531ad903b7bd90758664f6a4,0x5e06e1da9b7cb3ddd0df596003ad4cb852f51955,0.2377322860,0x8dea6891,Polyg_04.csv
,0x1770490497d9c8bbb9a4f1e86ab16f2b7dfb65ca4bb5002f712cf19af1b4254d,20244384,1634304420,10/15/2021 13:27,0x3ac05f07905a990fbc60f4f0c0547b9142e0e4af,0x5e06e1da9b7cb3ddd0df596003ad4cb852f51955,0.0749965880,0x8dea6891,Polyg_04.csv
,0x16f255d3422a65c1c680f4168691139a8bf29157a908b7d8022dd0a9d302a408,20244384,1634304420,10/15/2021 13:27,0xd8ca3102f993a2b2ac5e992a6bbc1aabe41852d6,0x5e06e1da9b7cb3ddd0df596003ad4cb852f51955,0.0417153310,0x8dea6891,Polyg_04.csv
,0x9872b816fb7055cf43111b11b61fa7cd6baef5387297dea48941e7f452580d01,20244385,1634304422,10/15/2021 13:27,0x79d3cfa3762b3a4684815b0a5c54da1598e4d94b,0x0b1413e95202570287f490f6cae04f60ec1018be,0.0407941660,0xc5327ae0,Polyg_04.csv
,0x9872b816fb7055cf43111b11b61fa7cd6baef5387297dea48941e7f452580d01,20244385,1634304422,10/15/2021 13:27,0x0b1413e95202570287f490f6cae04f60ec1018be,0x5e06e1da9b7cb3ddd0df596003ad4cb852f51955,0.0379844470,0xc5327ae0,Polyg_04.csv
,0x7b27d0b05cf008ea4145b2e547d06687295b03bf61bc96fc20cb63b61ba8ec3c,20244385,1634304422,10/15/2021 13:27,0x550061dfded6a264b37f1763c6290af2459f4329,0x7ca193c5886d4c662bbb2f8f2a5ed9f5be84b1d3,0.0359730910,0xc5327ae0,Polyg_04.csv
,0xba9d6221efeb7965625e2997a02e23127ac9f563af543d304f6c7a862ce7367c,20244385,1634304422,10/15/2021 13:27,0x40b94c6a80e666669fc6a403c8e60932e6b3c6d3,0x7ca193c5886d4c662bbb2f8f2a5ed9f5be84b1d3,0.0337477480,0xc5327ae0,Polyg_04.csv
,0x22e07b9261db551b96e6b6f1b4a8f97f16f30d1da92da5ba87ea43576e7dffc5,20244385,1634304422,10/15/2021 13:27,0x144eb0e9db4cb7f087a309df13d01d1ac8daee51,0x0b1413e95202570287f490f6cae04f60ec1018be,0.0312248190,0xc5327ae0,Polyg_04.csv
,0x22e07b9261db551b96e6b6f1b4a8f97f16f30d1da92da5ba87ea43576e7dffc5,20244385,1634304422,10/15/2021 13:27,0x0b1413e95202570287f490f6cae04f60ec1018be,0x5e06e1da9b7cb3ddd0df596003ad4cb852f51955,0.0295984480,0xc5327ae0,Polyg_04.csv
,0x0146423c5a8b25d35e8d2f51a685f37414c838a2d9df2a026e1dbc979b7cc0aa,20244385,1634304422,10/15/2021 13:27,0x8a08275d6017c3a66b2ebf28129d0597681a57c2,0x7ca193c5886d4c662bbb2f8f2a5ed9f5be84b1d3,0.0322087460,0xc5327ae0,Polyg_04.csv
,0xe71aac38c298bfb65888336764fa334f1c31277b96c6c9290075e8a6caf88c6f,20244386,1634304424,10/15/2021 13:27,0xbdadabcc69cbc677e407b680468fa696f011d145,0x5e06e1da9b7cb3ddd0df596003ad4cb852f51955,0.0338151630,0x8dea6891,Polyg_04.csv
,0xe486cf3935fa3aed60240a76cd15fb8ffd7c6b50e603a438f61dcf2daf6eef04,20244386,1634304424,10/15/2021 13:27,0xebee0e9322309a7c5ad8fc8fa6ed7972e2924259,0x5e06e1da9b7cb3ddd0df596003ad4cb852f51955,0.0351362100,0x8dea6891,Polyg_04.csv
,0x7bba6201be465aa744ccffa8d29ccbad3b6c45a76f55c6098218aab173393325,20244386,1634304424,10/15/2021 13:27,0xb9496155b8d6031826b3c194826e9aef15f28f2f,0x5e06e1da9b7cb3ddd0df596003ad4cb852f51955,0.0341758590,0x8dea6891,Polyg_04.csv
,0xeec84c876858bc24fe04a3fd1b83fa8f56a9b68afc46af95d3cceb973167d085,20244386,1634304424,10/15/2021 13:27,0xf1e3faf1b16763f232f02ebed5669e8e0a96ed57,0x5e06e1da9b7cb3ddd0df596003ad4cb852f51955,0.0315063600,0x8dea6891,Polyg_04.csv
,0x6f3da2052f71644e55ae93adb5bc9542be1ae36a5ad7257ac5bccf8573fbeaf4,20244387,1634304426,10/15/2021 13:27,0x000dce98155378c093262d4fe38f383aec1e30ac,0x7ca193c5886d4c662bbb2f8f2a5ed9f5be84b1d3,0.0302144020,0x8dea6891,Polyg_04.csv
,0x9cbb2398ea74ccbadb895b1a7f482f710425caa72367bbfa30b6e39394bb3013,20244387,1634304426,10/15/2021 13:27,0xf7132353e78579b3ed218c3288ab13bcdda0c061,0x7ca193c5886d4c662bbb2f8f2a5ed9f5be84b1d3,0.0228008150,0xc5327ae0,Polyg_04.csv
,0x36cb357fb58ef74cb51a547aa6a2ac7b2bcd513352c98648995468b0c2fd3a18,20244419,1634304494,10/15/2021 13:28,0x25ebf787736f1d39211f6fb835c21e6f1b8883ae,0xbe5e909e758bdad9531ad903b7bd90758664f6a4,0.0235587380,0xc5327ae0,Polyg_04.csv
,0x0feb98637b6d321b62b42c6d8202655bcdacb01b42e1ddc831ed94f39177db4f,20244436,1634304528,10/15/2021 13:28,0x7ca193c5886d4c662bbb2f8f2a5ed9f5be84b1d3,0x5e06e1da9b7cb3ddd0df596003ad4cb852f51955,0.0929656530,Buy And Free22457070633,Polyg_04.csv
,0x7d4a17c8eab5ac832f06c82e281cfba3ba70c45ffe3c827fd2b247709e70dafd,20244438,1634304532,10/15/2021 13:28,0x7d3a1214fb53a4474fc5e1e8fbb11cdb586f9574,0x7ca193c5886d4c662bbb2f8f2a5ed9f5be84b1d3,0.0383047590,0xc5327ae0,Polyg_04.csv
,0x04bb0463171bb8bb8b001a1226b060e7d432ee0377836ca24a64e5af1bdad55e,20244477,1634304610,10/15/2021 13:30,0xb324a5c8e61dba2a4a03a053f8c42629a0226d56,0x5e06e1da9b7cb3ddd0df596003ad4cb852f51955,38.3013452400,Swap Exact Tokens For Tokens,Polyg_04.csv
,0x0ecb00bbbe0f290bebcfdc3f777c26849e7c94b08d9010ced7236fed0c414d5f,20244477,1634304610,10/15/2021 13:30,0x5e06e1da9b7cb3ddd0df596003ad4cb852f51955,0xd5b3137c3fbe9506f55f9f4e8acfa742ef1afd71,2.3076566930,0x6a51a378,Polyg_04.csv
,0x0ecb00bbbe0f290bebcfdc3f777c26849e7c94b08d9010ced7236fed0c414d5f,20244477,1634304610,10/15/2021 13:30,0xd5b3137c3fbe9506f55f9f4e8acfa742ef1afd71,0x92475eba8ea6f242c2cb757d6a39a531f9cf3317,2.3076566930,0x6a51a378,Polyg_04.csv
,0x2396f9619658e8dbd293d4f68cbb452ee70996768482e3fb2a8ce3ca8e08949e,20244488,1634304654,10/15/2021 13:30,0x13b09ab9f819d28d82a672bec51d721b62507617,0x92475eba8ea6f242c2cb757d6a39a531f9cf3317,0.0296364980,0x0784eae6,Polyg_04.csv
,0x0e9bc88b671e9e9f587b947a8308d247e99af0ba17a285710b976fbe7928856e,20244492,1634304670,10/15/2021 13:31,0x64b6ac2458ab528d05bf3ac27775cbeac61969b1,0x92475eba8ea6f242c2cb757d6a39a531f9cf3317,0.0263343800,Buy And Free22457070633,Polyg_04.csv
,0x0e9bc88b671e9e9f587b947a8308d247e99af0ba17a285710b976fbe7928856e,20244492,1634304670,10/15/2021 13:31,0xe9cefef23f4fafcc62d2bb4cdff1a5a9554b004f,0x7ca193c5886d4c662bbb2f8f2a5ed9f5be84b1d3,0.0282475200,Buy And Free22457070633,Polyg_04.csv
,0x1a7ce2c5d12b7097ff65d6828d24de8c92c48cb58befa4c02893b449e19c594d,20244508,1634304734,10/15/2021 13:32,0x5e06e1da9b7cb3ddd0df596003ad4cb852f51955,0xedafe5984467eb454dc34b4a40783a29caca2123,7.2234968470,Swap Exact ETH For Tokens,Polyg_04.csv
,0xcacaba82f396d374b48144af938497251594fa7f4e232eef3fd37a1052f42927,20244509,1634304738,10/15/2021 13:32,0x0448fc356d6441ac0571d5515abff335c5dc14b5,0x92475eba8ea6f242c2cb757d6a39a531f9cf3317,0.0262438130,Buy And Free22457070633,Polyg_04.csv
,0xcacaba82f396d374b48144af938497251594fa7f4e232eef3fd37a1052f42927,20244509,1634304738,10/15/2021 13:32,0x0a3dd4ec721ab778786c9f4a448d5cb0f5ac9719,0x7ca193c5886d4c662bbb2f8f2a5ed9f5be84b1d3,0.0281053170,Buy And Free22457070633,Polyg_04.csv
,0x8ac72325b6d4a302e6fb458ad2c94ddfc69adb96ee2a82d0d4377587782be2f3,20244511,1634304746,10/15/2021 13:32,0xa2879d8440382a140ceaf66c0a0fd0b093b969ca,0x92475eba8ea6f242c2cb757d6a39a531f9cf3317,0.0262697070,Buy And Free22457070633,Polyg_04.csv
,0x8ac72325b6d4a302e6fb458ad2c94ddfc69adb96ee2a82d0d4377587782be2f3,20244511,1634304746,10/15/2021 13:32,0x4d4e3a84d8fefe68ad12d76aae67f7982539e943,0x7ca193c5886d4c662bbb2f8f2a5ed9f5be84b1d3,0.0276628890,Buy And Free22457070633,Polyg_04.csv
,0x7b3facfa70ab81ed3fda6ed2e1e94d08b4e0b979ab54e3456e67ac70392d689d,20244528,1634304814,10/15/2021 13:33,0x04f69f16ae055a18c63ac1182e6502181323e0ce,0x3ac05f07905a990fbc60f4f0c0547b9142e0e4af,0.0170776080,Buy And Free22457070633,Polyg_04.csv
,0x13df6a879476c58504ed06b19750c158290ce5fcf05175df01185655b0784d41,20244528,1634304814,10/15/2021 13:33,0x7dfa2d224f66c8eaf04348b26bf4f506fb386e83,0x92475eba8ea6f242c2cb757d6a39a531f9cf3317,0.0224425280,Buy And Free22457070633,Polyg_04.csv
,0x13df6a879476c58504ed06b19750c158290ce5fcf05175df01185655b0784d41,20244528,1634304814,10/15/2021 13:33,0xafa58cad193647977069d71c397b021e030900ef,0x7ca193c5886d4c662bbb2f8f2a5ed9f5be84b1d3,0.0237516930,Buy And Free22457070633,Polyg_04.csv
,0xf79cc5f710fc37c13d53767b04dbd7269762a1e5e6db7ce9772cd0fc3c9b7136,20244615,1634305042,10/15/2021 13:37,0x5e06e1da9b7cb3ddd0df596003ad4cb852f51955,0x712a8a58157da4ca941519011633011b409884b9,7.8207867560,0x2e0faf48,Polyg_04.csv
,0xd357a13ae6035b9d6bbafc4fe338c37a7e38bebd1daf6a7f51a21646433ecddf,20244621,1634305066,10/15/2021 13:37,0x5e06e1da9b7cb3ddd0df596003ad4cb852f51955,0xedafe5984467eb454dc34b4a40783a29caca2123,86.3700048800,Swap Exact ETH For Tokens,Polyg_04.csv
,0x9713f87968ab27f978ae62c8cf6aa89f473ce0526dcff22cb828234d2e43426c,20244621,1634305066,10/15/2021 13:37,0x92475eba8ea6f242c2cb757d6a39a531f9cf3317,0x5e06e1da9b7cb3ddd0df596003ad4cb852f51955,6.9621717360,0x6d516011,Polyg_04.csv
,0x78741ae25ef884a61e72f436b600829e336a28e3bbe608cf536cbdcc66abbdd2,20244621,1634305066,10/15/2021 13:37,0x7ca193c5886d4c662bbb2f8f2a5ed9f5be84b1d3,0x5e06e1da9b7cb3ddd0df596003ad4cb852f51955,0.5103739500,0x1de9c881,Polyg_04.csv
,0x68af984d82290e5b60aba3df89b25be89102250131eccd9b7b5e6017c15db71a,20244621,1634305066,10/15/2021 13:37,0x712a8a58157da4ca941519011633011b409884b9,0x5e06e1da9b7cb3ddd0df596003ad4cb852f51955,7.8207867560,0x2e0faf48,Polyg_04.csv
,0x3f72a353a4df8d51d3f13202128ec064616a7fe6dd089c9be5607f440ce86291,20244621,1634305066,10/15/2021 13:37,0xbe5e909e758bdad9531ad903b7bd90758664f6a4,0x5e06e1da9b7cb3ddd0df596003ad4cb852f51955,0.1734554270,0x8dea6891,Polyg_04.csv
,0x4932cfb3aea8e872f0e1b3656dbc2e5dad9ed1b601aaa093ab57803aad5d8938,20244622,1634305070,10/15/2021 13:37,0xd172fa021f3c3e804e0beeb28c96626c0d0e31cd,0x5e06e1da9b7cb3ddd0df596003ad4cb852f51955,0.0658807290,0x0784eae6,Polyg_04.csv
,0xb00e92d3da9a0996bf978cdecd28ab162c08f25ab0ce6c30ec4ee8eb4c835c18,20244623,1634305074,10/15/2021 13:37,0x3ac05f07905a990fbc60f4f0c0547b9142e0e4af,0x5e06e1da9b7cb3ddd0df596003ad4cb852f51955,0.0358651020,0xc5327ae0,Polyg_04.csv
,0x811b1afa32b82adcd70b77ca66b741187fbfd449094b24e7368d04da709c6291,20244623,1634305074,10/15/2021 13:37,0x458fa09cdd74094cf624c7e01c349c2fdc9ca27e,0x92475eba8ea6f242c2cb757d6a39a531f9cf3317,0.0409665440,0x0784eae6,Polyg_04.csv
,0x0d6928eea9e1f684d8391c4d73fc738f4f8aec52fb57c60a012a62dca4a67714,20244623,1634305074,10/15/2021 13:37,0xdf717ed0fcdb3914c706955748dd53fc6e6c068c,0x5e06e1da9b7cb3ddd0df596003ad4cb852f51955,0.0329302000,0xc5327ae0,Polyg_04.csv
,0xb9d398085bdaa618dec0f9ea4cea09c7c272d6b397f1e590d09774dc3b01a3a1,20244624,1634305078,10/15/2021 13:37,0x41180eefe01ec789051dbdf41d7f6d9a24f0d96c,0x5e06e1da9b7cb3ddd0df596003ad4cb852f51955,0.0316464840,0x8dea6891,Polyg_04.csv
,0xd7dabe6fe6267f4633a864c662cd4842a3a348d43d87d4df0562563a4df7829b,20244624,1634305078,10/15/2021 13:37,0xfc0dcc37b4a2812427068b5f32b267a3db92173c,0x5e06e1da9b7cb3ddd0df596003ad4cb852f51955,0.0311416180,0x8dea6891,Polyg_04.csv
,0x252a9df8b59b58e6783816f1565db58d8ff4ea07e79fe2376b6f84e1aaecec79,20244627,1634305090,10/15/2021 13:38,0x7828edb5a0008fb48bc0723b4563ffe53ac0d78d,0x7ca193c5886d4c662bbb2f8f2a5ed9f5be84b1d3,0.0289219030,0x8dea6891,Polyg_04.csv
,0xbd32cbdfb0eac35636d37c8affd939a8be0e8c2056b7cf4cff77775a08f753a6,20244628,1634305094,10/15/2021 13:38,0xa8d5a24d39f599789c0bb2a8c2f0c9bcc6be14d3,0x7ca193c5886d4c662bbb2f8f2a5ed9f5be84b1d3,0.0175990040,0x8dea6891,Polyg_04.csv
,0x905fb81b21f2855160bf35c30aed8e6c7302269c4306db592eaac54222366570,20244628,1634305094,10/15/2021 13:38,0xbee6b7220be3f74eb09979b51a358ae2f1be3265,0x7ca193c5886d4c662bbb2f8f2a5ed9f5be84b1d3,0.0280775330,0x8dea6891,Polyg_04.csv
,0x532185317b7fc21c6316d6cb63b719a73157797a471c3518e0c405f940f23b62,20244665,1634305242,10/15/2021 13:40,0x23496cf215a283b44d36728936a3010444746f7e,0x5e06e1da9b7cb3ddd0df596003ad4cb852f51955,0.0325587160,Buy And Free22457070633,Polyg_04.csv
,0x532185317b7fc21c6316d6cb63b719a73157797a471c3518e0c405f940f23b62,20244665,1634305242,10/15/2021 13:40,0x0562ba515ace4a8af450208d8c58d3956dc6f726,0x7ca193c5886d4c662bbb2f8f2a5ed9f5be84b1d3,0.0347367650,Buy And Free22457070633,Polyg_04.csv
,0x4942fec9d2d43074706dc57ef155f15115d19065309290ceda6be89093bcfaea,20244682,1634305292,10/15/2021 13:41,0xf25ddb1990a794e146caadf236b5f0eaa934c10b,0x92475eba8ea6f242c2cb757d6a39a531f9cf3317,0.0283766900,Buy And Free22457070633,Polyg_04.csv
,0x4942fec9d2d43074706dc57ef155f15115d19065309290ceda6be89093bcfaea,20244682,1634305292,10/15/2021 13:41,0xe61dcce62560c27020cc18c9e2d67f4d48bac6ee,0x5e06e1da9b7cb3ddd0df596003ad4cb852f51955,0.0303931260,Buy And Free22457070633,Polyg_04.csv
,0xb14ca49f5ff77876043b67f52f6771bb55a52ae983c68ded0d534bdd95480c20,20244682,1634305292,10/15/2021 13:41,0x36bed1287f0dbb2860523d89da107a2d579bac6d,0x5e06e1da9b7cb3ddd0df596003ad4cb852f51955,0.0290289810,Buy And Free22457070633,Polyg_04.csv
,0xb14ca49f5ff77876043b67f52f6771bb55a52ae983c68ded0d534bdd95480c20,20244682,1634305292,10/15/2021 13:41,0x20e15e9a6729078f6ef6b685456d636e29fe7b5d,0x7ca193c5886d4c662bbb2f8f2a5ed9f5be84b1d3,0.0313276080,Buy And Free22457070633,Polyg_04.csv
,0x1b9734c27f5b712c1844fd3af5ab60d0f816f1d9f6c1011a54bb49ce34ca5178,20244730,1634305388,10/15/2021 13:43,0x5e06e1da9b7cb3ddd0df596003ad4cb852f51955,0xedafe5984467eb454dc34b4a40783a29caca2123,4.0730823530,Swap Exact ETH For Tokens,Polyg_04.csv
,0x19224e45ecabdf1e9a48ba7a66903df47a73d6852daaa489b5346690c11d12c1,20244735,1634305398,10/15/2021 13:43,0x2b9477760c1f3787aab3a6b3de0c2031ad5fea74,0x5e06e1da9b7cb3ddd0df596003ad4cb852f51955,0.0270660660,0xc5327ae0,Polyg_04.csv
,0x19b1161215a0c0b28eb62d43da958d8f0c882fdf036182eebc4f787cdb3e74f2,20244743,1634305418,10/15/2021 13:43,0x1b342801ab1993f241cfd7b342249f7ac71a0139,0x7ca193c5886d4c662bbb2f8f2a5ed9f5be84b1d3,0.0278558090,0x8dea6891,Polyg_04.csv
,0x2ab1b2a3977a1e4524067acc52a1a4a7d0f80e93e65a60b644cd2b7a66c752ec,20244788,1634305508,10/15/2021 13:45,0x7ca193c5886d4c662bbb2f8f2a5ed9f5be84b1d3,0x5e06e1da9b7cb3ddd0df596003ad4cb852f51955,0.1594712970,0x8dea6891,Polyg_04.csv
,0x94612b01d2611bde951c64e4358fde7c75e44214ba2c6ef6255b7c4a57a0401b,20244788,1634305508,10/15/2021 13:45,0x5e06e1da9b7cb3ddd0df596003ad4cb852f51955,0xedafe5984467eb454dc34b4a40783a29caca2123,6.1726358260,Swap Exact ETH For Tokens,Polyg_04.csv
,0x10608f8f7235f4a9fd64378a18d2063a459ecd13f2397a26191a5db3970a2fc7,20244797,1634305526,10/15/2021 13:45,0xf06c711f1a934fa97f3584cbc8f54910552fd55d,0x5e06e1da9b7cb3ddd0df596003ad4cb852f51955,0.0255012630,Buy And Free22457070633,Polyg_04.csv
,0x10608f8f7235f4a9fd64378a18d2063a459ecd13f2397a26191a5db3970a2fc7,20244797,1634305526,10/15/2021 13:45,0x540e2518a0dc9ca7f2b495429c250a905de9ee9a,0x7ca193c5886d4c662bbb2f8f2a5ed9f5be84b1d3,0.0273433950,Buy And Free22457070633,Polyg_04.csv
,0xe5f42a3659cbe2c84637bef0331e6b24b1c6b1c37a85f0a19762af8c0e2dd765,20244821,1634305578,10/15/2021 13:46,0x42200b9dd6367a6b029e363525afce42ccc46586,0x5e06e1da9b7cb3ddd0df596003ad4cb852f51955,0.0286847220,Buy And Free22457070633,Polyg_04.csv
,0xb628fc8d8f037c4bdfdd7ef2a455238c248f795a133a6079a47850810b56e5cb,20244896,1634305732,10/15/2021 13:48,0x7ca193c5886d4c662bbb2f8f2a5ed9f5be84b1d3,0x5e06e1da9b7cb3ddd0df596003ad4cb852f51955,0.0885595620,Swap,Polyg_04.csv
,0x56d87b4bd699c1dc049be252fb2b0705265ed9d56a28800f36272b133a2cd212,20244897,1634305734,10/15/2021 13:48,0x7d3a1214fb53a4474fc5e1e8fbb11cdb586f9574,0x5e06e1da9b7cb3ddd0df596003ad4cb852f51955,0.0168122550,0xc5327ae0,Polyg_04.csv
,0x6ddd4cde082702eb3da706caede66e7d6d0f85115df34b2377a926f7df32f52d,20244992,1634305932,10/15/2021 13:52,0x0000000000000000000000000000000000000000,0xfa35113163bfd33c18a01d1a62d4d14a1ed30a42,194.9078773000,Transfer,Polyg_04.csv
,0x4da48a87f948a3d44ee8e8359164ec8a3b02f1af428f102ded7b61f18f6cfc96,20245035,1634306018,10/15/2021 13:53,0xfa35113163bfd33c18a01d1a62d4d14a1ed30a42,0xdef171fe48cf0115b1d80b88dc8eab59176fee57,194.9078773000,0xa94e78ef,Polyg_04.csv
,0x4da48a87f948a3d44ee8e8359164ec8a3b02f1af428f102ded7b61f18f6cfc96,20245035,1634306018,10/15/2021 13:53,0xdef171fe48cf0115b1d80b88dc8eab59176fee57,0x92475eba8ea6f242c2cb757d6a39a531f9cf3317,15.5926301800,0xa94e78ef,Polyg_04.csv
,0x4da48a87f948a3d44ee8e8359164ec8a3b02f1af428f102ded7b61f18f6cfc96,20245035,1634306018,10/15/2021 13:53,0xdef171fe48cf0115b1d80b88dc8eab59176fee57,0x5e06e1da9b7cb3ddd0df596003ad4cb852f51955,179.3152471000,0xa94e78ef,Polyg_04.csv
,0x20a9b19ddd3c16e8c190669068f302197d032990928dd16f8d6a4aa44bc2e1c8,20245035,1634306018,10/15/2021 13:53,0x5e06e1da9b7cb3ddd0df596003ad4cb852f51955,0x7ca193c5886d4c662bbb2f8f2a5ed9f5be84b1d3,0.9399023540,0x512455a4,Polyg_04.csv
,0x33b01e4fbd4a704a659f0f2fa70b158d9ac5d71476aa670490d8f965fda4d1ea,20245036,1634306020,10/15/2021 13:53,0x5e06e1da9b7cb3ddd0df596003ad4cb852f51955,0xbe5e909e758bdad9531ad903b7bd90758664f6a4,0.4286203230,0x8dea6891,Polyg_04.csv
,0xec458d57c8f2f0532f3ae07294f23fd097f554c1885e6617ad32ad69823f2cf6,20245037,1634306022,10/15/2021 13:53,0x5e06e1da9b7cb3ddd0df596003ad4cb852f51955,0xd172fa021f3c3e804e0beeb28c96626c0d0e31cd,0.0717971610,0xc5327ae0,Polyg_04.csv
,0x7d95fc12096c6a5d3ccae3dba3502a48254005275523d6886d18eda697ac440f,20245037,1634306022,10/15/2021 13:53,0x92475eba8ea6f242c2cb757d6a39a531f9cf3317,0x7d3a1214fb53a4474fc5e1e8fbb11cdb586f9574,0.0324047880,0x0784eae6,Polyg_04.csv
,0x6f0a4b6b6b1834693df04fa69c16c2f94d8ce456b5a2c2a01905fbe6bd92ba2b,20245037,1634306022,10/15/2021 13:53,0x92475eba8ea6f242c2cb757d6a39a531f9cf3317,0x3ac05f07905a990fbc60f4f0c0547b9142e0e4af,0.0558664450,0x8dea6891,Polyg_04.csv
,0x05a0cbd6ce7c66e3a806e6048d42265d42c6ea0faee1cd133250bae89468d895,20245184,1634306328,10/15/2021 13:58,0x0000000000000000000000000000000000000000,0xd3ed83f2950c303842debd1348ed189e395d4f65,666.0000000000,Transfer,Polyg_04.csv
,0x9054c956a798c609b01618b8f9cc34ed7bfc8add7ebf8acc7e818b14f7f63e19,20245292,1634306638,10/15/2021 14:03,0x7ca193c5886d4c662bbb2f8f2a5ed9f5be84b1d3,0x458fa09cdd74094cf624c7e01c349c2fdc9ca27e,0.0282187720,Swap,Polyg_04.csv
,0x4e267463e2d630ee327c1cd7da9cef052b83edc6c4a4186be5f11c39c165ac84,20245943,1634308225,10/15/2021 14:30,0x92475eba8ea6f242c2cb757d6a39a531f9cf3317,0x11431a89893025d2a48dca4eddc396f8c8117187,3.4065171800,Swap,Polyg_04.csv
,0x4e267463e2d630ee327c1cd7da9cef052b83edc6c4a4186be5f11c39c165ac84,20245943,1634308225,10/15/2021 14:30,0x5e06e1da9b7cb3ddd0df596003ad4cb852f51955,0x11431a89893025d2a48dca4eddc396f8c8117187,30.6837952400,Swap,Polyg_04.csv
,0x4e267463e2d630ee327c1cd7da9cef052b83edc6c4a4186be5f11c39c165ac84,20245943,1634308225,10/15/2021 14:30,0x11431a89893025d2a48dca4eddc396f8c8117187,0xc590175e458b83680867afd273527ff58f74c02b,34.0903124200,Swap,Polyg_04.csv
,0x4e267463e2d630ee327c1cd7da9cef052b83edc6c4a4186be5f11c39c165ac84,20245943,1634308225,10/15/2021 14:30,0xc590175e458b83680867afd273527ff58f74c02b,0x4408140dd2840a4543926c8383d652c0a75ad9a3,34.0903124200,Swap,Polyg_04.csv
,0x70f340d10bde9544c886feed4822f47cb289bc06b420b78963f9b4cc8787f603,20245943,1634308225,10/15/2021 14:30,0x7ca193c5886d4c662bbb2f8f2a5ed9f5be84b1d3,0x92475eba8ea6f242c2cb757d6a39a531f9cf3317,0.2790517610,0x1de9c881,Polyg_04.csv
,0xfcc63197285bf83f8b48d408dc32593da166ed1f8f39cbd7599eb7e6e58c0fc3,20246001,1634308361,10/15/2021 14:32,0x5e06e1da9b7cb3ddd0df596003ad4cb852f51955,0x0e43245f7af3cfb1d4838e6704f27d09a8b4b072,0.0019086170,Convert Multiple,Polyg_04.csv
,0xfcc63197285bf83f8b48d408dc32593da166ed1f8f39cbd7599eb7e6e58c0fc3,20246001,1634308361,10/15/2021 14:32,0x0e43245f7af3cfb1d4838e6704f27d09a8b4b072,0xbe5e909e758bdad9531ad903b7bd90758664f6a4,0.0019086170,Convert Multiple,Polyg_04.csv
,0xfcc63197285bf83f8b48d408dc32593da166ed1f8f39cbd7599eb7e6e58c0fc3,20246001,1634308361,10/15/2021 14:32,0x7ca193c5886d4c662bbb2f8f2a5ed9f5be84b1d3,0x0e43245f7af3cfb1d4838e6704f27d09a8b4b072,0.0006790020,Convert Multiple,Polyg_04.csv
,0xfcc63197285bf83f8b48d408dc32593da166ed1f8f39cbd7599eb7e6e58c0fc3,20246001,1634308361,10/15/2021 14:32,0x0e43245f7af3cfb1d4838e6704f27d09a8b4b072,0xbe5e909e758bdad9531ad903b7bd90758664f6a4,0.0006790020,Convert Multiple,Polyg_04.csv
,0xfcc63197285bf83f8b48d408dc32593da166ed1f8f39cbd7599eb7e6e58c0fc3,20246001,1634308361,10/15/2021 14:32,0xbe5e909e758bdad9531ad903b7bd90758664f6a4,0x0e43245f7af3cfb1d4838e6704f27d09a8b4b072,0.0000663000,Convert Multiple,Polyg_04.csv
,0xfcc63197285bf83f8b48d408dc32593da166ed1f8f39cbd7599eb7e6e58c0fc3,20246001,1634308361,10/15/2021 14:32,0x0e43245f7af3cfb1d4838e6704f27d09a8b4b072,0xbe5e909e758bdad9531ad903b7bd90758664f6a4,0.0000663000,Convert Multiple,Polyg_04.csv
,0x5b3ac1910509b2fbdc99229390d1518114baf9e76b094effed7ff61fc754d1e6,20246269,1634309041,10/15/2021 14:44,0x5e06e1da9b7cb3ddd0df596003ad4cb852f51955,0x712a8a58157da4ca941519011633011b409884b9,8.6546768230,0x2e0faf48,Polyg_04.csv
,0xc83303c5113abd20248d66b375743980549388bfb1f89b8e5006730ea7f42608,20246277,1634309061,10/15/2021 14:44,0x712a8a58157da4ca941519011633011b409884b9,0x5e06e1da9b7cb3ddd0df596003ad4cb852f51955,8.6546768230,0x2e0faf48,Polyg_04.csv
,0x0cb3d72eaf0d4cb08502fa0479de6e82d249e0a489cc9700833dd2f0cd40f063,20246325,1634309157,10/15/2021 14:45,0x5e06e1da9b7cb3ddd0df596003ad4cb852f51955,0x24c1d2305e3807d3989a62b1b0e12d2ba1e28cc3,8.7939983670,0x192e448b,Polyg_04.csv
,0xe867da2c047e260f3df40906f1a01a58f00831f2d8df952356693fbb7d250aea,20246326,1634309159,10/15/2021 14:45,0x5e06e1da9b7cb3ddd0df596003ad4cb852f51955,0x712a8a58157da4ca941519011633011b409884b9,8.6374792590,0x2e0faf48,Polyg_04.csv
,0xe9baf8b8cf98c4c4f87aa4bbcba9351b21e01a316de880e835908b8d5b244d28,20246335,1634309177,10/15/2021 14:46,0x712a8a58157da4ca941519011633011b409884b9,0x5e06e1da9b7cb3ddd0df596003ad4cb852f51955,8.6374792590,0x2e0faf48,Polyg_04.csv
,0xc4fc633d4841d7b97bbc40efa3740ea29127df2cbeaf045a5b3833dff4030010,20246339,1634309189,10/15/2021 14:46,0x5e06e1da9b7cb3ddd0df596003ad4cb852f51955,0x3e331b7847727ac1d00f0de438c805270de9a112,111.9970640000,Swap Exact ETH For Tokens,Polyg_04.csv
,0x07e5a3492d55caab802fa3abe6d80eccc8ca2a71c3e5e65ba1ec370d75a65fd5,20246339,1634309189,10/15/2021 14:46,0x92475eba8ea6f242c2cb757d6a39a531f9cf3317,0x5e06e1da9b7cb3ddd0df596003ad4cb852f51955,9.3811536580,0xedca6525,Polyg_04.csv
,0xa8ba7e7c3cf6aa7195238e49f51e0988e0f5965ba4e110391a644bb71a9708cd,20246339,1634309189,10/15/2021 14:46,0x7ca193c5886d4c662bbb2f8f2a5ed9f5be84b1d3,0x5e06e1da9b7cb3ddd0df596003ad4cb852f51955,0.6475825640,0xedca6525,Polyg_04.csv
,0xe7f3c71039dcaa07e6d2399d91e0cd36f293ecd35975172d732c1bcb09f0df34,20246341,1634309193,10/15/2021 14:46,0xbe5e909e758bdad9531ad903b7bd90758664f6a4,0x5e06e1da9b7cb3ddd0df596003ad4cb852f51955,0.3511349670,Swap,Polyg_04.csv
,0x530b06d6f152a03baf136372357badb6de2e5bd62ffad9b8be64ef9f64212a00,20246341,1634309193,10/15/2021 14:46,0x24c1d2305e3807d3989a62b1b0e12d2ba1e28cc3,0x5e06e1da9b7cb3ddd0df596003ad4cb852f51955,8.7939983670,0x83f25249,Polyg_04.csv
,0x8a32030fcbab05a2fec96fcc2b0a88d1459a10c54c3fe9cdd239024f3c579a5d,20246341,1634309193,10/15/2021 14:46,0x41182e6fb196a3f4fa2eb90917ded79fec8f3e50,0x7ca193c5886d4c662bbb2f8f2a5ed9f5be84b1d3,0.0290258320,0xc5327ae0,Polyg_04.csv
,0x38511a8ef143bff69f0606fe76db79e68e328df90f9540f6e3be977e88005e06,20246341,1634309193,10/15/2021 14:46,0xbe5e909e758bdad9531ad903b7bd90758664f6a4,0x7ca193c5886d4c662bbb2f8f2a5ed9f5be84b1d3,0.0147367650,0xc5327ae0,Polyg_04.csv
,0x78c4d3c2ef4fbada8e333d521b10ce3b0581cebed3cc451f3337a4cd5abea915,20246353,1634309217,10/15/2021 14:46,0x3ac05f07905a990fbc60f4f0c0547b9142e0e4af,0x5e06e1da9b7cb3ddd0df596003ad4cb852f51955,0.0443454660,0x0784eae6,Polyg_04.csv
,0x1ff0afff52c29d519dbb5fe8930d749f0310860db3186ec6fb2c2dd28606e4bb,20246356,1634309223,10/15/2021 14:47,0xd172fa021f3c3e804e0beeb28c96626c0d0e31cd,0xbe5e909e758bdad9531ad903b7bd90758664f6a4,0.0445440200,0x0784eae6,Polyg_04.csv
,0x5bb38f0b63c6a9c036a55bba9d451f0bec72e96f59bf5f5a30289343d64c0f27,20246407,1634309329,10/15/2021 14:48,0x5e06e1da9b7cb3ddd0df596003ad4cb852f51955,0x7f28c9f36e3319fede9c3779a4bc869d10896ee4,15.2830566300,Swap Exact Tokens For Tokens,Polyg_04.csv
,0xb57cce181158c63aea8279b3b3b74f88fc1965745bd263c85d7bcc6c8e6a1f99,20246409,1634309333,10/15/2021 14:48,0x057e76d3491dddbcbe4f08ecf9c7e4db3ba82a2e,0x5e06e1da9b7cb3ddd0df596003ad4cb852f51955,0.0270551930,Swap,Polyg_04.csv
,0xc5b6c1b8bb2e94c36a49194aa1268f9575a41ac5b7a86aa7cc57134289f0b00b,20246435,1634309385,10/15/2021 14:49,0xd3ed83f2950c303842debd1348ed189e395d4f65,0x5e06e1da9b7cb3ddd0df596003ad4cb852f51955,85.0000000000,Swap Exact Tokens For Tokens,Polyg_04.csv
,0xf66c49656e9b7acb9339ada3b7f392f8f33369be091c3389ee1dd01f5bef66f3,20246436,1634309387,10/15/2021 14:49,0x5e06e1da9b7cb3ddd0df596003ad4cb852f51955,0x92475eba8ea6f242c2cb757d6a39a531f9cf3317,5.1113326650,0xedca6525,Polyg_04.csv
,0x06faf5d25b9ba19d299cc9dc4fbf59d87898ebf9ac874e96d59b0aef624e5514,20246436,1634309387,10/15/2021 14:49,0x5e06e1da9b7cb3ddd0df596003ad4cb852f51955,0xbe5e909e758bdad9531ad903b7bd90758664f6a4,0.0921610320,Swap,Polyg_04.csv
,0x34bb22f57dac3a58743a47c2f7eca6f6b226bdda05c352b67d632a3b07053364,20246436,1634309387,10/15/2021 14:49,0x5e06e1da9b7cb3ddd0df596003ad4cb852f51955,0x37d48abc25dc888a9d05c12238d09810f6dcdf60,0.3237318110,0xb3d16931,Polyg_04.csv
,0x34bb22f57dac3a58743a47c2f7eca6f6b226bdda05c352b67d632a3b07053364,20246436,1634309387,10/15/2021 14:49,0x37d48abc25dc888a9d05c12238d09810f6dcdf60,0x7ca193c5886d4c662bbb2f8f2a5ed9f5be84b1d3,0.3237318110,0xb3d16931,Polyg_04.csv
,0xe475d7b52fd60833c150d194da9fca23f9f78328fe8337631f64533fe52f0a6f,20246445,1634309405,10/15/2021 14:50,0x5e06e1da9b7cb3ddd0df596003ad4cb852f51955,0x24c1d2305e3807d3989a62b1b0e12d2ba1e28cc3,27.2210830300,0x192e448b,Polyg_04.csv
,0x90aa5346729530b6c30c633d9c3029847cb741885b980238bc53dcbbf2390524,20246446,1634309407,10/15/2021 14:50,0x5e06e1da9b7cb3ddd0df596003ad4cb852f51955,0x7f28c9f36e3319fede9c3779a4bc869d10896ee4,14.2436501200,Swap Exact ETH For Tokens,Polyg_04.csv
,0x2fdf5235b0d844a362167f5d50c71d8d3c5d2785c91fba2f3f0e04e10326f89e,20246446,1634309407,10/15/2021 14:50,0x24c1d2305e3807d3989a62b1b0e12d2ba1e28cc3,0x5e06e1da9b7cb3ddd0df596003ad4cb852f51955,27.2210830300,0x13727134,Polyg_04.csv
,0x28bfdff4d31436606f83ebb20be6c7d02744ca5c5e064c423eec4920e71821d8,20246706,1634310084,10/15/2021 15:01,0x16599f2a4f2112b147e0a4c207387aebff2be4b6,0xc590175e458b83680867afd273527ff58f74c02b,71.0312173500,Swap,Polyg_04.csv
,0x28bfdff4d31436606f83ebb20be6c7d02744ca5c5e064c423eec4920e71821d8,20246706,1634310084,10/15/2021 15:01,0xc590175e458b83680867afd273527ff58f74c02b,0x11431a89893025d2a48dca4eddc396f8c8117187,70.4096942000,Swap,Polyg_04.csv
,0x28bfdff4d31436606f83ebb20be6c7d02744ca5c5e064c423eec4920e71821d8,20246706,1634310084,10/15/2021 15:01,0x11431a89893025d2a48dca4eddc396f8c8117187,0x92475eba8ea6f242c2cb757d6a39a531f9cf3317,7.0409694200,Swap,Polyg_04.csv
,0x28bfdff4d31436606f83ebb20be6c7d02744ca5c5e064c423eec4920e71821d8,20246706,1634310084,10/15/2021 15:01,0x11431a89893025d2a48dca4eddc396f8c8117187,0x5e06e1da9b7cb3ddd0df596003ad4cb852f51955,63.3687247800,Swap,Polyg_04.csv
,0x28bfdff4d31436606f83ebb20be6c7d02744ca5c5e064c423eec4920e71821d8,20246706,1634310084,10/15/2021 15:01,0xc590175e458b83680867afd273527ff58f74c02b,0x11ededebf63bef0ea2d2d071bdf88f71543ec6fb,0.6215231520,Swap,Polyg_04.csv
,0x8f47d3ca9239141e1df36bb9fea866cc149f89f87b594ea0374846fdfa747dca,20246706,1634310084,10/15/2021 15:01,0x92475eba8ea6f242c2cb757d6a39a531f9cf3317,0x37d48abc25dc888a9d05c12238d09810f6dcdf60,0.3261752950,0xb3d16931,Polyg_04.csv
,0x8f47d3ca9239141e1df36bb9fea866cc149f89f87b594ea0374846fdfa747dca,20246706,1634310084,10/15/2021 15:01,0x37d48abc25dc888a9d05c12238d09810f6dcdf60,0x7ca193c5886d4c662bbb2f8f2a5ed9f5be84b1d3,0.3261752950,0xb3d16931,Polyg_04.csv
,0xf829f4a0de82749c76e63ffda6a5de174184aa88d1efce19d1142ad201e2fbe5,20246708,1634310088,10/15/2021 15:01,0x92475eba8ea6f242c2cb757d6a39a531f9cf3317,0xbe5e909e758bdad9531ad903b7bd90758664f6a4,0.2123036100,Swap,Polyg_04.csv
,0xd0ed10a3be1aba4e92e897f7d5532c6740322aea33beb0b60fc22a867d647d56,20246720,1634310116,10/15/2021 15:01,0x92475eba8ea6f242c2cb757d6a39a531f9cf3317,0x3ac05f07905a990fbc60f4f0c0547b9142e0e4af,0.0510741850,Swap,Polyg_04.csv
,0xdabe021a70151c9e250d32ea0bf0147a6daf0f7ff118d79aa7ae3d01557d0625,20246910,1634310630,10/15/2021 15:10,0x5e06e1da9b7cb3ddd0df596003ad4cb852f51955,0xb324a5c8e61dba2a4a03a053f8c42629a0226d56,20.0000000000,Swap Tokens For Exact Tokens,Polyg_04.csv
,0xb4a9fbbf0e15542a27a4db39d664590e96c5e106dba5d948a9972df3ef1532a4,20246910,1634310630,10/15/2021 15:10,0x92475eba8ea6f242c2cb757d6a39a531f9cf3317,0x5e06e1da9b7cb3ddd0df596003ad4cb852f51955,1.7460112430,0x1de9c881,Polyg_04.csv
,0xca87486c2dd53dcaa35012789db42c0134b66c532681a412ef23b188dec56856,20246922,1634310660,10/15/2021 15:11,0xbe5e909e758bdad9531ad903b7bd90758664f6a4,0x550061dfded6a264b37f1763c6290af2459f4329,0.0285862970,Swap,Polyg_04.csv
,0x47861d662ac2f063ca58d9ee01fa4e1e1ac42121b66aa06f178ca5ff5c162dc5,20247030,1634310882,10/15/2021 15:14,0x7ca193c5886d4c662bbb2f8f2a5ed9f5be84b1d3,0x5e06e1da9b7cb3ddd0df596003ad4cb852f51955,0.1513093370,Swap,Polyg_04.csv
,0xc1d856be27b63aff11517393a27cc68511f3dce61d66c596b27a125d7784c3ed,20247149,1634311128,10/15/2021 15:18,0xb324a5c8e61dba2a4a03a053f8c42629a0226d56,0x5e06e1da9b7cb3ddd0df596003ad4cb852f51955,20.0000000000,Swap Exact Tokens For Tokens,Polyg_04.csv
,0x37a33451d21dcf17bffe230d3acdb4fea4527f7b7da7db07cad5be8d583bfd25,20247207,1634311248,10/15/2021 15:20,0x5e06e1da9b7cb3ddd0df596003ad4cb852f51955,0xd172fa021f3c3e804e0beeb28c96626c0d0e31cd,0.0328088930,Buy And Free22457070633,Polyg_04.csv
,0xb13d10782b1219a3c6a8fa8ba9b12215592133562fec8803c7d937ddf7062df8,20247630,1634312337,10/15/2021 15:38,0x5e06e1da9b7cb3ddd0df596003ad4cb852f51955,0x1b342801ab1993f241cfd7b342249f7ac71a0139,0.0229670210,0x8dea6891,Polyg_04.csv
,0x0d1175f7dc4ef224f772cd9a101d1703b8dec51eec5e7f4fddf3f37a0ad357c5,20247643,1634312363,10/15/2021 15:39,0x7ca193c5886d4c662bbb2f8f2a5ed9f5be84b1d3,0xf06c711f1a934fa97f3584cbc8f54910552fd55d,0.0158670050,0x8dea6891,Polyg_04.csv
,0x8d84661db1c29cd9dea37761782fefa0412626f918b56158f43fe13ac6215e24,20247643,1634312363,10/15/2021 15:39,0xbdadabcc69cbc677e407b680468fa696f011d145,0x7ca193c5886d4c662bbb2f8f2a5ed9f5be84b1d3,0.0169410340,0x8dea6891,Polyg_04.csv
,0x99a254618c9853f338d0cdfd106d0b44d3aae5808024d46d885f1d05e6ff2c27,20247659,1634312395,10/15/2021 15:39,0x7ca193c5886d4c662bbb2f8f2a5ed9f5be84b1d3,0x41180eefe01ec789051dbdf41d7f6d9a24f0d96c,0.0172489160,0x8dea6891,Polyg_04.csv
,0xe3b67bbd6fa31d0e1b67dbf14a74dc001cd72554529f3c48df3245255d28e035,20247663,1634312403,10/15/2021 15:40,0x7ca193c5886d4c662bbb2f8f2a5ed9f5be84b1d3,0x36bed1287f0dbb2860523d89da107a2d579bac6d,0.0171348120,0x8dea6891,Polyg_04.csv
,0xceb9dff42df266a64a8947b9ec077de01d9536c8a227a00e8e4146e7f1d53f15,20247676,1634312429,10/15/2021 15:40,0x7ca193c5886d4c662bbb2f8f2a5ed9f5be84b1d3,0xf25ddb1990a794e146caadf236b5f0eaa934c10b,0.0155479570,0x8dea6891,Polyg_04.csv
,0x12ebfb6ba35835ec7af4c285eba79fe81e7fb4016f48f0c24592556bbcfcdb6a,20247679,1634312435,10/15/2021 15:40,0x5e06e1da9b7cb3ddd0df596003ad4cb852f51955,0xfc0dcc37b4a2812427068b5f32b267a3db92173c,0.0168908630,0x8dea6891,Polyg_04.csv
,0xda72f2904d063cbbcb8554cafaa1408922c3455801cc7c85c0398e34947b90af,20249087,1634315606,10/15/2021 16:33,0x5e06e1da9b7cb3ddd0df596003ad4cb852f51955,0x79d3cfa3762b3a4684815b0a5c54da1598e4d94b,0.0605256780,Swap,Polyg_04.csv
,0xd94a71ba8fd80e057b2c4d491242486578adc06cce0f97cccf6c7d870bc74612,20249089,1634315618,10/15/2021 16:33,0x79d3cfa3762b3a4684815b0a5c54da1598e4d94b,0x5e06e1da9b7cb3ddd0df596003ad4cb852f51955,0.0509422600,0xc5327ae0,Polyg_04.csv
,0x63168b5b589bf7697e47d5c95b866c5a47c38f631e43a4189610acbc7eefd1e1,20249152,1634315872,10/15/2021 16:37,0x5e06e1da9b7cb3ddd0df596003ad4cb852f51955,0x42200b9dd6367a6b029e363525afce42ccc46586,0.0240933350,Buy And Free22457070633,Polyg_04.csv
,0xe893b7cda02fca2f9eba0d3c880850dd1001906d830185c9f2cd4c3cf0a30811,20249237,1634316090,10/15/2021 16:41,0x5e06e1da9b7cb3ddd0df596003ad4cb852f51955,0x24c1d2305e3807d3989a62b1b0e12d2ba1e28cc3,8.0571035400,0x192e448b,Polyg_04.csv
,0xfe6730431af1bf4f14cfa6f45bea863e52abc11a6b959d26e8b32037786f6ed5,20249245,1634316122,10/15/2021 16:42,0x5e06e1da9b7cb3ddd0df596003ad4cb852f51955,0xb46df56171ae32e831bd59e49beb2fa0659b3458,38.0000000000,Swap ETH For Exact Tokens,Polyg_04.csv
,0xd4081a66fdaaaa272e59f541d98cb207193924ea7563a0b2e9c6a9477c37281a,20249246,1634316126,10/15/2021 16:42,0x24c1d2305e3807d3989a62b1b0e12d2ba1e28cc3,0x5e06e1da9b7cb3ddd0df596003ad4cb852f51955,8.0571035400,0x83f25249,Polyg_04.csv
,0xab07b97fad4bc3b3feb1d9b8a4c4dca6bea45273c888574023feaeca49042296,20249246,1634316126,10/15/2021 16:42,0x92475eba8ea6f242c2cb757d6a39a531f9cf3317,0x5e06e1da9b7cb3ddd0df596003ad4cb852f51955,2.2326461140,0x8dea6891,Polyg_04.csv
,0x61c2c33a2ccefcee501386899871550477e391d6b5ad971a08e676624e8291b6,20249771,1634317410,10/15/2021 17:03,0x92475eba8ea6f242c2cb757d6a39a531f9cf3317,0x7ca193c5886d4c662bbb2f8f2a5ed9f5be84b1d3,0.1633972960,0x8dea6891,Polyg_04.csv
,0x01344a76e62de0a00c497fe91923fe1fbff0393ff8379e238d2d5d22a0631069,20250230,1634318473,10/15/2021 17:21,0x7ca193c5886d4c662bbb2f8f2a5ed9f5be84b1d3,0xbee6b7220be3f74eb09979b51a358ae2f1be3265,0.0184623570,0x8dea6891,Polyg_04.csv
,0x990a7a0f6df143f3ab926cf94bb4d5afa61e60c35ae7461982749e3625cfb341,20250563,1634319181,10/15/2021 17:33,0x0869c7ee464f0816d8b60b46255c47638257adfb,0xf3b86ef94046fbcabed06402f739d0972be5f6fa,200.0000000000,Transfer,Polyg_04.csv
,0x2850e278e600944694c4ba996ac8233ae328dd2ef4ad75bb2e30da4ae854947a,20250836,1634319896,10/15/2021 17:44,0x65f1c8c7e15a3caf8c621dd1f5699713bc3d2101,0x5e06e1da9b7cb3ddd0df596003ad4cb852f51955,6.0000000000,Swap Exact Tokens For ETH,Polyg_04.csv
,0xccdaff5d3645286bc3aa4ba74eaeb03b9ae89c3a13bdb451aa76b275db5608c7,20251225,1634320826,10/15/2021 18:00,0x7ca193c5886d4c662bbb2f8f2a5ed9f5be84b1d3,0x92475eba8ea6f242c2cb757d6a39a531f9cf3317,0.0898303790,Buy And Free22457070633,Polyg_04.csv
,0x984814412d3f0ec91eba291ef3f8b96df24180f3559a78bf8a765d0e31816d4c,20251660,1634321852,10/15/2021 18:17,0x7ca193c5886d4c662bbb2f8f2a5ed9f5be84b1d3,0x5259b4f10232612169260b875e7fbd5282093ec3,0.0095127920,0x8dea6891,Polyg_04.csv
,0xea4e53d05f93725fa81e804d7f94502172a5fb8784162d8377207c6cbb55b073,20251884,1634322402,10/15/2021 18:26,0x72a79070de30472233912e09bdecd4bcf746f6f7,0x408564af16aac42a09d9f52335d6583996eff101,1.0000000000,Transfer,Polyg_04.csv
,0x5a11df6cb12025a4ea5cd459aa5bf387350621df7eb2769254fdc4988dc744af,20252433,1634323582,10/15/2021 18:46,0x92475eba8ea6f242c2cb757d6a39a531f9cf3317,0x11431a89893025d2a48dca4eddc396f8c8117187,5.9929269830,Swap,Polyg_04.csv
,0x5a11df6cb12025a4ea5cd459aa5bf387350621df7eb2769254fdc4988dc744af,20252433,1634323582,10/15/2021 18:46,0x5e06e1da9b7cb3ddd0df596003ad4cb852f51955,0x11431a89893025d2a48dca4eddc396f8c8117187,54.2554022200,Swap,Polyg_04.csv
,0x5a11df6cb12025a4ea5cd459aa5bf387350621df7eb2769254fdc4988dc744af,20252433,1634323582,10/15/2021 18:46,0x11431a89893025d2a48dca4eddc396f8c8117187,0xc590175e458b83680867afd273527ff58f74c02b,60.2483292000,Swap,Polyg_04.csv
,0x5a11df6cb12025a4ea5cd459aa5bf387350621df7eb2769254fdc4988dc744af,20252433,1634323582,10/15/2021 18:46,0xc590175e458b83680867afd273527ff58f74c02b,0x16599f2a4f2112b147e0a4c207387aebff2be4b6,60.2483292000,Swap,Polyg_04.csv
,0xb33d5a4892a2531f7852d9cc808f94f67ab444d42045fb9eb17faecc10beda50,20252434,1634323584,10/15/2021 18:46,0x7ca193c5886d4c662bbb2f8f2a5ed9f5be84b1d3,0x92475eba8ea6f242c2cb757d6a39a531f9cf3317,0.2785474490,0x8dea6891,Polyg_04.csv
,0xaca0dd295311b75b0586ef46ad409f26e0062b21c8bed92b686407ba4b492d43,20252521,1634323762,10/15/2021 18:49,0x3ac05f07905a990fbc60f4f0c0547b9142e0e4af,0x92475eba8ea6f242c2cb757d6a39a531f9cf3317,0.0421058050,Buy And Free22457070633,Polyg_04.csv
,0x96a7774a7d871f0edd4e0449647aad6e3b0e6e98f9359a6e55c221ad34a3fff0,20252637,1634324062,10/15/2021 18:54,0xbe5e909e758bdad9531ad903b7bd90758664f6a4,0x92475eba8ea6f242c2cb757d6a39a531f9cf3317,0.1760870100,Swap,Polyg_04.csv
,0xedb9ea5ba18fb679aa73c1e611ef67baaf07f4f3747a3f676baf6edb31c88222,20252671,1634324198,10/15/2021 18:56,0xd3ed83f2950c303842debd1348ed189e395d4f65,0x5e06e1da9b7cb3ddd0df596003ad4cb852f51955,75.0000000000,Swap Exact Tokens For Tokens,Polyg_04.csv
,0xdb8e6688294c709aa9dda6532a813380d58522daa5fe8f7e0b5beee94878b9e0,20252671,1634324198,10/15/2021 18:56,0x5e06e1da9b7cb3ddd0df596003ad4cb852f51955,0x7ca193c5886d4c662bbb2f8f2a5ed9f5be84b1d3,0.3760742690,0x1de9c881,Polyg_04.csv
,0xb02aacb0c4f1012f2b751c91edfa71cf7956f2c90c28daf5178ce9262dfbd7fe,20252671,1634324198,10/15/2021 18:56,0x5e06e1da9b7cb3ddd0df596003ad4cb852f51955,0x92475eba8ea6f242c2cb757d6a39a531f9cf3317,6.3196703590,0xedca6525,Polyg_04.csv
,0x25f20669202647eed386683444717a122759bd4c3c0a405ece98d279f43cfc67,20252671,1634324198,10/15/2021 18:56,0x5e06e1da9b7cb3ddd0df596003ad4cb852f51955,0xbe5e909e758bdad9531ad903b7bd90758664f6a4,0.2207969100,0x8dea6891,Polyg_04.csv
,0x1e2eb3f411394c181a52b1685237934669b10fe3d95d09607a4647b6cea326b2,20252758,1634324426,10/15/2021 19:00,0x5e06e1da9b7cb3ddd0df596003ad4cb852f51955,0x3ac05f07905a990fbc60f4f0c0547b9142e0e4af,0.0213108460,0xc23325c3,Polyg_04.csv
,0x91894b432b7bec52f958c10f59a0f412aa70a670a541173bf690922651505201,20252761,1634324438,10/15/2021 19:00,0x7ca193c5886d4c662bbb2f8f2a5ed9f5be84b1d3,0x7dfa2d224f66c8eaf04348b26bf4f506fb386e83,0.0216220870,Buy And Free22457070633,Polyg_04.csv
,0x91894b432b7bec52f958c10f59a0f412aa70a670a541173bf690922651505201,20252761,1634324438,10/15/2021 19:00,0x5e06e1da9b7cb3ddd0df596003ad4cb852f51955,0x25ebf787736f1d39211f6fb835c21e6f1b8883ae,0.0225839490,Buy And Free22457070633,Polyg_04.csv
,0x41590e92e20a14c733235f3011d33e3a5d60d1933fe2aab477c9c76326692a0d,20252770,1634324474,10/15/2021 19:01,0x7ca193c5886d4c662bbb2f8f2a5ed9f5be84b1d3,0xa2879d8440382a140ceaf66c0a0fd0b093b969ca,0.0142324910,0x8dea6891,Polyg_04.csv
,0x025f2e7311fcde1562d96e95a8c4e032234a7fb44c2053fc618dbea914258a7e,20253126,1634325268,10/15/2021 19:14,0x7ca193c5886d4c662bbb2f8f2a5ed9f5be84b1d3,0x42200b9dd6367a6b029e363525afce42ccc46586,0.0272992010,Swap,Polyg_04.csv
,0xd4fb1e5a91cec85aa841edd6537b2c5a57c85fd86a46d0ef1888b79b44b8368e,20253630,1634326304,10/15/2021 19:31,0x72a79070de30472233912e09bdecd4bcf746f6f7,0x408564af16aac42a09d9f52335d6583996eff101,2.0000000000,Transfer,Polyg_04.csv
,0x3ffb3cb3086c2e28eb7489b04ec0e0e1696a837db3e8ff60b78b34160851f5f8,20253763,1634326582,10/15/2021 19:36,0x7b191d83ab8a7f64659cf7f47e87aad240d2c5ce,0x5e06e1da9b7cb3ddd0df596003ad4cb852f51955,23.2101843600,Swap Exact Tokens For ETH,Polyg_04.csv
,0x0c47e22dfd29ffd502fe80b9cb58ecd3d26c4deabc78b0c71c6df84af84e2e72,20253763,1634326582,10/15/2021 19:36,0x5e06e1da9b7cb3ddd0df596003ad4cb852f51955,0x227c497fc49aa5f8cfa944987eddc31bf5be5afa,2.3213870220,0x49b01961,Polyg_04.csv
,0x0c47e22dfd29ffd502fe80b9cb58ecd3d26c4deabc78b0c71c6df84af84e2e72,20253763,1634326582,10/15/2021 19:36,0x227c497fc49aa5f8cfa944987eddc31bf5be5afa,0x92475eba8ea6f242c2cb757d6a39a531f9cf3317,2.3213870220,0x49b01961,Polyg_04.csv
,0x561096bc4fe15e1fb61784edfbac20cd337818292c706ad6df53d3476b4da22b,20254052,1634327176,10/15/2021 19:46,0x5e06e1da9b7cb3ddd0df596003ad4cb852f51955,0xcf6bb16b3e9f3ef96b604b76ff34e8dc23329d05,0.0219059670,0x94cf94ba,Polyg_04.csv
,0x561096bc4fe15e1fb61784edfbac20cd337818292c706ad6df53d3476b4da22b,20254052,1634327176,10/15/2021 19:46,0xcf6bb16b3e9f3ef96b604b76ff34e8dc23329d05,0x144eb0e9db4cb7f087a309df13d01d1ac8daee51,0.0219059670,0x94cf94ba,Polyg_04.csv
,0xdbadf11c9f3c82dfbb5c13c97b1e4e764896c0becacddfaf6bb85af3cbdf6f3a,20254084,1634327244,10/15/2021 19:47,0x7ca193c5886d4c662bbb2f8f2a5ed9f5be84b1d3,0x540e2518a0dc9ca7f2b495429c250a905de9ee9a,0.0189496750,0x692a5c96,Polyg_04.csv
,0xcccbab841af5658ce4c0b510c637dbb0c0e3d8bdfadef4dde8d6fdb777e0ce34,20254093,1634327262,10/15/2021 19:47,0x5e06e1da9b7cb3ddd0df596003ad4cb852f51955,0xb324a5c8e61dba2a4a03a053f8c42629a0226d56,10.2322882900,Swap Exact Tokens For Tokens,Polyg_04.csv
,0xb7743bff1faaa31408c84b05e1e3e16c776d8cead47de2e5c6de211bd09a6aac,20254129,1634327334,10/15/2021 19:48,0x5e06e1da9b7cb3ddd0df596003ad4cb852f51955,0x0e43245f7af3cfb1d4838e6704f27d09a8b4b072,0.1638681260,Convert Multiple,Polyg_04.csv
,0xb7743bff1faaa31408c84b05e1e3e16c776d8cead47de2e5c6de211bd09a6aac,20254129,1634327334,10/15/2021 19:48,0x0e43245f7af3cfb1d4838e6704f27d09a8b4b072,0xbe5e909e758bdad9531ad903b7bd90758664f6a4,0.1638681260,Convert Multiple,Polyg_04.csv
,0xb7743bff1faaa31408c84b05e1e3e16c776d8cead47de2e5c6de211bd09a6aac,20254129,1634327334,10/15/2021 19:48,0x7ca193c5886d4c662bbb2f8f2a5ed9f5be84b1d3,0x0e43245f7af3cfb1d4838e6704f27d09a8b4b072,0.0012432890,Convert Multiple,Polyg_04.csv
,0xb7743bff1faaa31408c84b05e1e3e16c776d8cead47de2e5c6de211bd09a6aac,20254129,1634327334,10/15/2021 19:48,0x0e43245f7af3cfb1d4838e6704f27d09a8b4b072,0xbe5e909e758bdad9531ad903b7bd90758664f6a4,0.0012432890,Convert Multiple,Polyg_04.csv
,0xb7743bff1faaa31408c84b05e1e3e16c776d8cead47de2e5c6de211bd09a6aac,20254129,1634327334,10/15/2021 19:48,0xbe5e909e758bdad9531ad903b7bd90758664f6a4,0x0e43245f7af3cfb1d4838e6704f27d09a8b4b072,0.0003635370,Convert Multiple,Polyg_04.csv
,0xb7743bff1faaa31408c84b05e1e3e16c776d8cead47de2e5c6de211bd09a6aac,20254129,1634327334,10/15/2021 19:48,0x0e43245f7af3cfb1d4838e6704f27d09a8b4b072,0xbe5e909e758bdad9531ad903b7bd90758664f6a4,0.0003635370,Convert Multiple,Polyg_04.csv
,0x42c34648e797f544423b740227260404a49044490ba1a88c6f99ec2f82e959f1,20254344,1634327780,10/15/2021 19:56,0x7ca193c5886d4c662bbb2f8f2a5ed9f5be84b1d3,0x0448fc356d6441ac0571d5515abff335c5dc14b5,0.0077538100,Buy And Free22457070633,Polyg_04.csv
,0x4eb3b5d4ddd94a5c59a1ec165f58ff8d0eb0ec5e99a74cc99bf5adac3db9d139,20254587,1634328278,10/15/2021 20:04,0xbe5e909e758bdad9531ad903b7bd90758664f6a4,0x7ca193c5886d4c662bbb2f8f2a5ed9f5be84b1d3,0.0946124150,Swap,Polyg_04.csv
,0x46d32a710536dd324e378b80d1046f069ce422519dd9dca4d7be41f47398ffe5,20254861,1634328974,10/15/2021 20:16,0x5e06e1da9b7cb3ddd0df596003ad4cb852f51955,0xd8ca3102f993a2b2ac5e992a6bbc1aabe41852d6,0.0176020670,0xc5327ae0,Polyg_04.csv
,0x318a31759aa2b53698d93ad8883e474996f549d8aee353fdd60ebf87ab99e64f,20255574,1634330572,10/15/2021 20:42,0x92475eba8ea6f242c2cb757d6a39a531f9cf3317,0xb9496155b8d6031826b3c194826e9aef15f28f2f,0.0156854560,0x8dea6891,Polyg_04.csv
,0x4de155174b02f48e7dcf8c2e676d4af9aa0038c47483fd7cceb88551de831cba,20255585,1634330594,10/15/2021 20:43,0x7ca193c5886d4c662bbb2f8f2a5ed9f5be84b1d3,0x2b9477760c1f3787aab3a6b3de0c2031ad5fea74,0.0207306800,Buy And Free22457070633,Polyg_04.csv
,0x4de155174b02f48e7dcf8c2e676d4af9aa0038c47483fd7cceb88551de831cba,20255585,1634330594,10/15/2021 20:43,0x92475eba8ea6f242c2cb757d6a39a531f9cf3317,0x23496cf215a283b44d36728936a3010444746f7e,0.0215492840,Buy And Free22457070633,Polyg_04.csv
,0x6287b1931b0cceba21b38b71169ee63c4ea1a8b68b882c49474f7c36d5e083dc,20255592,1634330608,10/15/2021 20:43,0x92475eba8ea6f242c2cb757d6a39a531f9cf3317,0x7ca193c5886d4c662bbb2f8f2a5ed9f5be84b1d3,0.0899711810,0xc23325c3,Polyg_04.csv
,0x7ee6071dafc5545e46bfeef6dacbb214ab273e67c5b5024642bc2479ba4589fa,20255709,1634330850,10/15/2021 20:47,0x5e06e1da9b7cb3ddd0df596003ad4cb852f51955,0x712a8a58157da4ca941519011633011b409884b9,1.6010930290,0x2e0faf48,Polyg_04.csv
,0x698f19d93b07fe05b10bcba8820da31f86be4fa48eebcf342b2f686d81442ebb,20255709,1634330850,10/15/2021 20:47,0x5e06e1da9b7cb3ddd0df596003ad4cb852f51955,0x04554709c9238bb5f641cc9261d9345edebb5f62,26.4005122800,Swap Exact ETH For Tokens,Polyg_04.csv
,0x14b51bf4edbabbf48d450f9f88783d4181615acf471cfefc23666de5d798b601,20255709,1634330850,10/15/2021 20:47,0x92475eba8ea6f242c2cb757d6a39a531f9cf3317,0x5e06e1da9b7cb3ddd0df596003ad4cb852f51955,1.6653551370,0x8dea6891,Polyg_04.csv
,0x43103c2d5ed01c7bb030dcbaa32656affd215195eab544172335329018d35570,20255709,1634330850,10/15/2021 20:47,0x712a8a58157da4ca941519011633011b409884b9,0x5e06e1da9b7cb3ddd0df596003ad4cb852f51955,1.6010930290,0x2e0faf48,Polyg_04.csv
,0xe5633c4c7aa2c5ab0224de84c60a9240f5814f97b9569402102071cacf4d0ebe,20255970,1634331586,10/15/2021 20:59,0x5e06e1da9b7cb3ddd0df596003ad4cb852f51955,0xcf6bb16b3e9f3ef96b604b76ff34e8dc23329d05,0.0134021760,0x94cf94ba,Polyg_04.csv
,0xe5633c4c7aa2c5ab0224de84c60a9240f5814f97b9569402102071cacf4d0ebe,20255970,1634331586,10/15/2021 20:59,0xcf6bb16b3e9f3ef96b604b76ff34e8dc23329d05,0xe61dcce62560c27020cc18c9e2d67f4d48bac6ee,0.0134021760,0x94cf94ba,Polyg_04.csv
,0x85eec2a9a3f4ce04c1d9d73f43644a900d75b35d03d424060a3766b6156b6f9b,20256338,1634332404,10/15/2021 21:13,0x92475eba8ea6f242c2cb757d6a39a531f9cf3317,0x5259b4f10232612169260b875e7fbd5282093ec3,0.0126936540,0x8dea6891,Polyg_04.csv
,0x5f2a52a535ba66499b70e3c4a0a7a40114e55f616569fab8eb50adf9bcc37564,20256785,1634333454,10/15/2021 21:30,0x72a79070de30472233912e09bdecd4bcf746f6f7,0xda582d93559fe53364188e9546c104e5376e5045,101.0000000000,Deposit Token,Polyg_04.csv
,0x1b3047d0bbda190355421ad0d753391fa0ca4fb2701c2de07c29a6fd03432b8b,20256998,1634334020,10/15/2021 21:40,0x5e06e1da9b7cb3ddd0df596003ad4cb852f51955,0xb324a5c8e61dba2a4a03a053f8c42629a0226d56,10.0921334300,Swap Exact Tokens For Tokens,Polyg_04.csv
,0xf0d36e674d97d3e9416443b855bb1bb74fecd24080559e71091d05ba83154b25,20256998,1634334020,10/15/2021 21:40,0x92475eba8ea6f242c2cb757d6a39a531f9cf3317,0x5e06e1da9b7cb3ddd0df596003ad4cb852f51955,0.8522477170,Swap,Polyg_04.csv
,0xedacaac6798426c109acb4260547d32373739a1c67bd3f0e47abb75477631952,20257196,1634334556,10/15/2021 21:49,0xbe5e909e758bdad9531ad903b7bd90758664f6a4,0x5e06e1da9b7cb3ddd0df596003ad4cb852f51955,0.0908809360,0x8dea6891,Polyg_04.csv
,0x809db34259c41e67c87854fb7ee6ea79b1779d399aeefd8de0feae090bee98c9,20257899,1634336007,10/15/2021 22:13,0x5e06e1da9b7cb3ddd0df596003ad4cb852f51955,0x535b1da051ebf66eb49ae94e045e139817ab95a3,0.5000000000,Swap Tokens For Exact Tokens,Polyg_04.csv
,0xec909944e00b2891799e6648b990ac5cc37e6a40c306e2c6cee1054c08ad8312,20258081,1634336511,10/15/2021 22:21,0x27a8360b9c6f03e008d022ca622d80651ac6fdd2,0x7dfa2d224f66c8eaf04348b26bf4f506fb386e83,0.0059730640,Swap,Polyg_04.csv
,0x9095daf6e54b3b24c7649b1ec649914270da3c7447aab337802a0ba74cd5617e,20259230,1634339268,10/15/2021 23:07,0x92475eba8ea6f242c2cb757d6a39a531f9cf3317,0xbdadabcc69cbc677e407b680468fa696f011d145,0.0146799730,0x8dea6891,Polyg_04.csv
,0x363318e4d8278562429ccac5d7df281b130fb5517c9460c23f93e916f8570f0a,20259249,1634339306,10/15/2021 23:08,0x7ca193c5886d4c662bbb2f8f2a5ed9f5be84b1d3,0x79d3cfa3762b3a4684815b0a5c54da1598e4d94b,0.0072616740,Swap Exact Tokens For ETH,Polyg_04.csv
,0x8565d2a82eacdbf4b9e00cb094682a44f7f9bf6b5cf94c35c2c7d2902b80fb6a,20259546,1634339974,10/15/2021 23:19,0x7ca193c5886d4c662bbb2f8f2a5ed9f5be84b1d3,0x057e76d3491dddbcbe4f08ecf9c7e4db3ba82a2e,0.0126683970,0x8dea6891,Polyg_04.csv
,0x4a45aeef5f8ffec5ad618207ba12afbe77083f97182357c957f5b19c9e66a6c7,20259557,1634340018,10/15/2021 23:20,0x1b94575a29bc7f62b32dff2959c3905b8f35b3d8,0x7ca193c5886d4c662bbb2f8f2a5ed9f5be84b1d3,0.0130905100,0x8dea6891,Polyg_04.csv
,0x1c084dfda72eae2e9148f84435e92183bd063304067770788c30815fc95cc9c5,20259558,1634340022,10/15/2021 23:20,0x550061dfded6a264b37f1763c6290af2459f4329,0x7ca193c5886d4c662bbb2f8f2a5ed9f5be84b1d3,0.0134072640,0x8dea6891,Polyg_04.csv
,0x46343daa02a3cecaf6995b8abcde1fe0317c7ec87dd1b3699db0c4585a0345df,20259575,1634340090,10/15/2021 23:21,0x7ca193c5886d4c662bbb2f8f2a5ed9f5be84b1d3,0x540e2518a0dc9ca7f2b495429c250a905de9ee9a,0.0054499990,Swap Exact Tokens For Tokens,Polyg_04.csv
,0xa05416c6e8f2eae2fc4dcd6b91c60a7a8fbbadc3dcfc47f46af6989b0d5062da,20259616,1634340192,10/15/2021 23:23,0xf0ebc5a89c6e47c7d205b1d304fa31658df2b4bf,0x5e06e1da9b7cb3ddd0df596003ad4cb852f51955,10.0000000000,Swap Exact Tokens For Tokens,Polyg_04.csv
,0x61dc0c9ac214b73ac6a156e96abdc48eb595643f5b5e25f5c568e0a42c3462fc,20260151,1634341406,10/15/2021 23:43,0x5e06e1da9b7cb3ddd0df596003ad4cb852f51955,0x7ca193c5886d4c662bbb2f8f2a5ed9f5be84b1d3,0.2784263680,0x8dea6891,Polyg_04.csv
,0xa826f04c525b8e89d6ddc1dc5b306dd1a8d1725066d7c1a18de967d6148f8fb1,20260246,1634341620,10/15/2021 23:47,0x7ca193c5886d4c662bbb2f8f2a5ed9f5be84b1d3,0xcf6bb16b3e9f3ef96b604b76ff34e8dc23329d05,0.0132679330,0x94cf94ba,Polyg_04.csv
,0xa826f04c525b8e89d6ddc1dc5b306dd1a8d1725066d7c1a18de967d6148f8fb1,20260246,1634341620,10/15/2021 23:47,0xcf6bb16b3e9f3ef96b604b76ff34e8dc23329d05,0x04f69f16ae055a18c63ac1182e6502181323e0ce,0.0132679330,0x94cf94ba,Polyg_04.csv
,0x67c30770326e90e45a21aa7d6e1303ef588b2e787c919bf467bc6910787c8c9f,20260290,1634341712,10/15/2021 23:48,0x7ca193c5886d4c662bbb2f8f2a5ed9f5be84b1d3,0xafa58cad193647977069d71c397b021e030900ef,0.0018609320,Swap Exact Tokens For Tokens,Polyg_04.csv
,0x13e47fbb0a605026d857ba867c52996fa60c82b428ac9e50c9392ec55261c7a2,20260318,1634341768,10/15/2021 23:49,0x7ca193c5886d4c662bbb2f8f2a5ed9f5be84b1d3,0x1e46d65de6b8c0557b7bbc94ee7f10959758ed14,0.0034624560,0x8dea6891,Polyg_04.csv
,0x20e25b0815f79321f652dbed713e38b2d6c9afcf13fcd849253ba94b6ba09dde,20260318,1634341768,10/15/2021 23:49,0x7ca193c5886d4c662bbb2f8f2a5ed9f5be84b1d3,0x40b94c6a80e666669fc6a403c8e60932e6b3c6d3,0.0116118320,0x8dea6891,Polyg_04.csv
,0xbe147012672c6322a91cbb8ba4a8b2c85687787159daf39fc80ab11ec39aac4d,20260328,1634341788,10/15/2021 23:49,0x7828edb5a0008fb48bc0723b4563ffe53ac0d78d,0x7ec2e7cee27fb11c0560f018dc75ff8ab3b277cb,0.0031344280,0x1de9c881,Polyg_04.csv
,0x4f04d851938918a789d232b8937576f0f8c90025b71f2a6af88d9b0ccd736771,20260328,1634341788,10/15/2021 23:49,0x7ca193c5886d4c662bbb2f8f2a5ed9f5be84b1d3,0xcf6bb16b3e9f3ef96b604b76ff34e8dc23329d05,0.0100174560,0x94cf94ba,Polyg_04.csv
,0x4f04d851938918a789d232b8937576f0f8c90025b71f2a6af88d9b0ccd736771,20260328,1634341788,10/15/2021 23:49,0xcf6bb16b3e9f3ef96b604b76ff34e8dc23329d05,0x7828edb5a0008fb48bc0723b4563ffe53ac0d78d,0.0100174560,0x94cf94ba,Polyg_04.csv
,0x6bebf43ca031c8aef6812baf2e4f4c24abb0d53b3f13384d273dc9f19186ccf2,20260336,1634341804,10/15/2021 23:50,0x3a9a7675fa4ab5bc626d0f2826ab3ede2c198ec1,0x5e06e1da9b7cb3ddd0df596003ad4cb852f51955,0.0032482540,0x8dea6891,Polyg_04.csv
,0xd2c2a348259f222b5a5fe8e38d05ce15d45cbc2c0984d4c7404c80747c8b8b9d,20260338,1634341808,10/15/2021 23:50,0x5259b4f10232612169260b875e7fbd5282093ec3,0x5e06e1da9b7cb3ddd0df596003ad4cb852f51955,0.0032790260,0x8dea6891,Polyg_04.csv
,0x6ea5249f84298e5f222718ed91b4a221a4811efa3e08b7fda213051c91a09c84,20260508,1634342160,10/15/2021 23:56,0xf0ebc5a89c6e47c7d205b1d304fa31658df2b4bf,0x5e06e1da9b7cb3ddd0df596003ad4cb852f51955,10.0000000000,Swap Exact Tokens For Tokens,Polyg_04.csv
,0xbf14663da167bfa1e07e14847cf718662dc0862efb203c660846eef1ff428377,20260522,1634342188,10/15/2021 23:56,0x5e06e1da9b7cb3ddd0df596003ad4cb852f51955,0x7ca193c5886d4c662bbb2f8f2a5ed9f5be84b1d3,0.1566797380,0x8dea6891,Polyg_04.csv
,0x2dab7717ca1f6a0a6d05b96f3de37bdbc148247cb3d6c504582ea0ab9a048d42,20260524,1634342192,10/15/2021 23:56,0xf0ebc5a89c6e47c7d205b1d304fa31658df2b4bf,0x5e06e1da9b7cb3ddd0df596003ad4cb852f51955,10.0000000000,Swap Exact Tokens For Tokens,Polyg_04.csv
,0x95baa61bf02707be920ef900357269c69006124561e27bac7011f150abb44776,20260524,1634342192,10/15/2021 23:56,0x5e06e1da9b7cb3ddd0df596003ad4cb852f51955,0x92475eba8ea6f242c2cb757d6a39a531f9cf3317,0.7710033790,0x8dea6891,Polyg_04.csv
,0x772e038be38b079a5dfa4acf7d21d46cc51ebdea39d98ea52c0b17ef13ef8a78,20260530,1634342204,10/15/2021 23:56,0x5e06e1da9b7cb3ddd0df596003ad4cb852f51955,0x712a8a58157da4ca941519011633011b409884b9,16.6601664100,0x2e0faf48,Polyg_04.csv
,0xba4276b02f0896576108c7e9b2b147d7252e099a3397defbbd4374b9b96d253d,20260531,1634342206,10/15/2021 23:56,0x5e06e1da9b7cb3ddd0df596003ad4cb852f51955,0x7f28c9f36e3319fede9c3779a4bc869d10896ee4,78.5118320600,Swap Exact Tokens For Tokens,Polyg_04.csv
,0xa946754014afdef99d5200804c313923684e253ab5bdd680d0b6cc00a05a1477,20260531,1634342206,10/15/2021 23:56,0x92475eba8ea6f242c2cb757d6a39a531f9cf3317,0x407377e22fa2b5a12f4fdf1867d18a1e4588fbad,5.0584772930,0x0e107772,Polyg_04.csv
,0xa946754014afdef99d5200804c313923684e253ab5bdd680d0b6cc00a05a1477,20260531,1634342206,10/15/2021 23:56,0x407377e22fa2b5a12f4fdf1867d18a1e4588fbad,0x5e06e1da9b7cb3ddd0df596003ad4cb852f51955,5.0584772930,0x0e107772,Polyg_04.csv
,0xaf855556c7a41bf79425c494a02780cf70f2cc5659dcf926d5cec3c2402dc5be,20260531,1634342206,10/15/2021 23:56,0x92475eba8ea6f242c2cb757d6a39a531f9cf3317,0x5e06e1da9b7cb3ddd0df596003ad4cb852f51955,1.3547118690,0xedca6525,Polyg_04.csv
,0x29379ab162539292b94586c3a689c085f2093661e40832d68d33154483834484,20260531,1634342206,10/15/2021 23:56,0x7ca193c5886d4c662bbb2f8f2a5ed9f5be84b1d3,0x5e06e1da9b7cb3ddd0df596003ad4cb852f51955,0.3111470510,0x1de9c881,Polyg_04.csv
,0xec587521e092ad03ae7b3d78089ca360674b2f44836a566f69825417ede3cfdc,20260531,1634342206,10/15/2021 23:56,0x712a8a58157da4ca941519011633011b409884b9,0x5e06e1da9b7cb3ddd0df596003ad4cb852f51955,16.6601664100,0x2e0faf48,Polyg_04.csv
,0xd7c02010f125694b09ceab1c5cffcc2388fc1be329955f881d2a50c21492e0c8,20260533,1634342210,10/15/2021 23:56,0xbe5e909e758bdad9531ad903b7bd90758664f6a4,0x5e06e1da9b7cb3ddd0df596003ad4cb852f51955,0.1451611110,Swap,Polyg_04.csv
,0x696001697440e41ba1acfc89bd533dbe482067bf0bb4ccc2d1471eb3ee275737,20260536,1634342216,10/15/2021 23:56,0xf0ebc5a89c6e47c7d205b1d304fa31658df2b4bf,0x5e06e1da9b7cb3ddd0df596003ad4cb852f51955,10.0000000000,Swap Exact Tokens For Tokens,Polyg_04.csv
,0xa6bbc7a2415209ac29e3dc7a39201186d9cf6497c9b85896018a9f583fd91fff,20260539,1634342222,10/15/2021 23:57,0x5e06e1da9b7cb3ddd0df596003ad4cb852f51955,0xcf6bb16b3e9f3ef96b604b76ff34e8dc23329d05,0.6192815660,0x94cf94ba,Polyg_04.csv
,0xa6bbc7a2415209ac29e3dc7a39201186d9cf6497c9b85896018a9f583fd91fff,20260539,1634342222,10/15/2021 23:57,0xcf6bb16b3e9f3ef96b604b76ff34e8dc23329d05,0x92475eba8ea6f242c2cb757d6a39a531f9cf3317,0.6192815660,0x94cf94ba,Polyg_04.csv
