ID,Txhash,Blockno,UnixTimestamp,DateTime,From,To,Quantity,Method,FileName
,0xe40757a6b0babac0bebd39124d3bf45e78f1437143c40243a171b77f00d9de90,9280025,1641610605,1/8/2022 2:56,0xdae373f65873a76fe4e65b429621651ae8b1bcc0,0x09b64cd6f828a29513c1e04bedec5bd262a587e3,24.92723667,AVAX,Block 009280025 - 009533627.csv
,0x4e9f3eb0f02929d1a2d2399bc2e8040f327b7dc59c4f312f97064d2bbb9c9281,9292175,1641635291,1/8/2022 9:48,0xab094ee40a4dca2ced60c9e4e3c3faac46e12a00,0xdae373f65873a76fe4e65b429621651ae8b1bcc0,30,AVAX,Block 009280025 - 009533627.csv
,0xb6d81cc98b563f49072b2d5f6deccfe8e9d38b174f36dcb0c650c24ed2741eac,9297306,1641645624,1/8/2022 12:40,0xdae373f65873a76fe4e65b429621651ae8b1bcc0,0xd5434da8209c9453ea7646ab4e9757c5c9271a69,34.0179074,AVAX,Block 009280025 - 009533627.csv
,0x12734e31fc1ff1136f1803fa8b04c31e5d3444be95f2b9fac6ba3060baf7938c,9298553,1641648143,1/8/2022 13:22,0xdae373f65873a76fe4e65b429621651ae8b1bcc0,0x8376dbbbdedc3e10fb0670e647e3a2b7226b5569,8.724386239,AVAX,Block 009280025 - 009533627.csv
,0x6f4e5eb3d6f48a7c533726722018d6e7862b52794575498eac6e6e4de9f07e9e,9303382,1641657801,1/8/2022 16:03,0xdae373f65873a76fe4e65b429621651ae8b1bcc0,0x9bec143efde876f1617c0f0525700f502ed7a4fe,10.04839039,AVAX,Block 009280025 - 009533627.csv
,0xdb553ff11accdfa551e5ba8ac1ff27e64467ff44024adce33c7a475f2cd8620c,9325147,1641700941,1/9/2022 4:02,0xdae373f65873a76fe4e65b429621651ae8b1bcc0,0xef2f5cb6bf3efb64751edbd24723d0c8f7e83292,1,AVAX,Block 009280025 - 009533627.csv
,0xa9294345b347fc3c9e5ec030da4c8f89138ae4af03f1253b60623467f2f73fb9,9327533,1641705784,1/9/2022 5:23,0xfff758bceb9bbb8828af20d03f4de38e1bd8d817,0xdae373f65873a76fe4e65b429621651ae8b1bcc0,50,AVAX,Block 009280025 - 009533627.csv
,0x3fa369c46ed199ae704bc1552bdbd4cb0301e9c6ec977ab5c12e81da0dee0dc1,9331324,1641713411,1/9/2022 7:30,0xdae373f65873a76fe4e65b429621651ae8b1bcc0,0xb3b2483feb4e322428dd43963f61bb27ad0b1ccd,10,AVAX,Block 009280025 - 009533627.csv
,0x893b86abd384d15b02cb915005e73d1e67439277debc04afb3d62dc7ca70c360,9331467,1641713706,1/9/2022 7:35,0xdae373f65873a76fe4e65b429621651ae8b1bcc0,0xb3b2483feb4e322428dd43963f61bb27ad0b1ccd,10,AVAX,Block 009280025 - 009533627.csv
,0xf906f07863c7aef1bd1be4c03589d9052a866e39b853caf7f72237c12b601d21,9331518,1641713807,1/9/2022 7:36,0xb3b2483feb4e322428dd43963f61bb27ad0b1ccd,0x0fada260fe0cb87bef47773158c0bd648ef24097,20,AVAX,Block 009280025 - 009533627.csv
,0x2db53d9fb6318be225864a0c1d13b1f0828ae45c54c4ba6b4b3fa1defc009557,9346855,1641744443,1/9/2022 16:07,0xfff758bceb9bbb8828af20d03f4de38e1bd8d817,0xdae373f65873a76fe4e65b429621651ae8b1bcc0,50,AVAX,Block 009280025 - 009533627.csv
,0x8d92169c07b1be48a479fe0cf79808193f2c3d8e41b45499ee9f548cab77974d,9349337,1641749318,1/9/2022 17:28,0xdae373f65873a76fe4e65b429621651ae8b1bcc0,0xab094ee40a4dca2ced60c9e4e3c3faac46e12a00,26.29541756,AVAX,Block 009280025 - 009533627.csv
,0x403169d2ad6fcfdacc193e318d5cd2c57dc11f584d2574b6c44e2e7ab6919bd0,9360251,1641770965,1/9/2022 23:29,0xdae373f65873a76fe4e65b429621651ae8b1bcc0,0x0fada260fe0cb87bef47773158c0bd648ef24097,10,AVAX,Block 009280025 - 009533627.csv
,0x78263942b1478148c3f33bb55cdbeba156d4909e6095975f444140a1ac4327e7,9361536,1641773512,1/10/2022 0:11,0xab094ee40a4dca2ced60c9e4e3c3faac46e12a00,0xdae373f65873a76fe4e65b429621651ae8b1bcc0,25,AVAX,Block 009280025 - 009533627.csv
,0x33f9ff119e76df71cfd867e61b7483a66572d4238c9b4ff45c5ea25239283b46,9362427,1641775276,1/10/2022 0:41,0xdae373f65873a76fe4e65b429621651ae8b1bcc0,0x0fada260fe0cb87bef47773158c0bd648ef24097,10,AVAX,Block 009280025 - 009533627.csv
,0x74d86fb91cad165b04f69648d20bd8d2401399aa1d0bfa95ba002febb3eccded,9364227,1641778815,1/10/2022 1:40,0xdae373f65873a76fe4e65b429621651ae8b1bcc0,0x0fada260fe0cb87bef47773158c0bd648ef24097,10,AVAX,Block 009280025 - 009533627.csv
,0x35c6403b2d51803838f07991464ccee857aaee1e74a3e1276b3546697b1af96a,9384852,1641820207,1/10/2022 13:10,0xdae373f65873a76fe4e65b429621651ae8b1bcc0,0x0fada260fe0cb87bef47773158c0bd648ef24097,10,AVAX,Block 009280025 - 009533627.csv
,0x29cbf61f7dd74ab2641893031ace4496bb34cdd1378804ac2655f0a2e2b8f3b3,9400952,1641851733,1/10/2022 21:55,0xdae373f65873a76fe4e65b429621651ae8b1bcc0,0x0fada260fe0cb87bef47773158c0bd648ef24097,10,AVAX,Block 009280025 - 009533627.csv
,0x5d08425bd8d13390d14370a4a20fe01ab13876cc16dfc01f32a050c588196f9b,9413811,1641877487,1/11/2022 5:04,0x4d7af4ecb07232bdeebc95ded9a3a3672a2186aa,0xdae373f65873a76fe4e65b429621651ae8b1bcc0,10,AVAX,Block 009280025 - 009533627.csv
,0xc9c4ecdda5b73595c0ec3c45b49fcf27821af367055a9820b94a35e1a3870706,9417655,1641885242,1/11/2022 7:14,0xdae373f65873a76fe4e65b429621651ae8b1bcc0,0x0fada260fe0cb87bef47773158c0bd648ef24097,10,AVAX,Block 009280025 - 009533627.csv
,0xb61e63252b3a9eede77e920513003c1b833c41eaa13bc28cc9aa81bc459ba177,9425026,1641900044,1/11/2022 11:20,0xdae373f65873a76fe4e65b429621651ae8b1bcc0,0xab094ee40a4dca2ced60c9e4e3c3faac46e12a00,26.03025706,AVAX,Block 009280025 - 009533627.csv
,0xb0cd60d79c2251502a29cc778e3b0e8e8bb1567ff976d024d89dc62667b901f6,9433471,1641916890,1/11/2022 16:01,0xdae373f65873a76fe4e65b429621651ae8b1bcc0,0xab094ee40a4dca2ced60c9e4e3c3faac46e12a00,28.74656742,AVAX,Block 009280025 - 009533627.csv
,0x79c6f053e1b1029d32acee265dcbaa12fd1bec47d7a3491cab8f603f3c877953,9433473,1641916897,1/11/2022 16:01,0x0c8f6507abb481891a762985feb53431c8a29d86,0xdae373f65873a76fe4e65b429621651ae8b1bcc0,0.656690594,AVAX,Block 009280025 - 009533627.csv
,0xa686400d7364f03c0d7ac18ac70f2c98d678823f7d6b909f4fa6830e86c2f4c7,9433487,1641916924,1/11/2022 16:02,0xaa1624642fa0ef6cf12e3f670fb258a371ed5c92,0xdae373f65873a76fe4e65b429621651ae8b1bcc0,0.156335194,AVAX,Block 009280025 - 009533627.csv
,0x62ff5fe5563f19543f4c643e5ae46aefc8cfbef3410080eb06bb1cddd37673f9,9433489,1641916929,1/11/2022 16:02,0xbfe9b83ac2cd357cecaf8087dd2b802b181ec12e,0xdae373f65873a76fe4e65b429621651ae8b1bcc0,0.115861137,AVAX,Block 009280025 - 009533627.csv
,0xa6c180346c75dfb88f8a4e9d21fd1af223901c6283cf1463a1abeed11d4844aa,9434393,1641918747,1/11/2022 16:32,0xdae373f65873a76fe4e65b429621651ae8b1bcc0,0x7c63e1f781c4462a4566beb17b48750b16273857,1.302486314,AVAX,Block 009280025 - 009533627.csv
,0xd9337e9c2bdd5428b186c8c992ecdf53a5305b91746bfb5f925194b0117e47c5,9434663,1641919300,1/11/2022 16:41,0xab094ee40a4dca2ced60c9e4e3c3faac46e12a00,0xdae373f65873a76fe4e65b429621651ae8b1bcc0,25,AVAX,Block 009280025 - 009533627.csv
,0xf1d2314c2083cdb1cae44aee6b8982120b5d75765c8dc469f607bcbdc19b62ab,9442140,1641934058,1/11/2022 20:47,0xfff758bceb9bbb8828af20d03f4de38e1bd8d817,0xdae373f65873a76fe4e65b429621651ae8b1bcc0,10.58904135,AVAX,Block 009280025 - 009533627.csv
,0x06f151cc17666ad2d65faf1458992ca168282b4838523b58ecc59bedb98c8817,9469769,1641989118,1/12/2022 12:05,0xdae373f65873a76fe4e65b429621651ae8b1bcc0,0x652de1a9ddc1f989fcf490378b7b3df4f16f34b5,10,AVAX,Block 009280025 - 009533627.csv
,0xf438fc42c67f738247eb87aec03e8856fa3601d844df16e21d4796a6450a2660,9476959,1642003531,1/12/2022 16:05,0xdae373f65873a76fe4e65b429621651ae8b1bcc0,0xd5434da8209c9453ea7646ab4e9757c5c9271a69,6.511968409,AVAX,Block 009280025 - 009533627.csv
,0xe212976fc9cfffac324f9ba83705a7bca40ebecbf0b9609b0fb4b72123908732,9476976,1642003560,1/12/2022 16:06,0xdae373f65873a76fe4e65b429621651ae8b1bcc0,0xd5434da8209c9453ea7646ab4e9757c5c9271a69,6.399613252,AVAX,Block 009280025 - 009533627.csv
,0x7c8765c70375c1a7fac71843f594113e19533b73a7fb51bc36ed64aba55df1be,9477004,1642003618,1/12/2022 16:06,0xdae373f65873a76fe4e65b429621651ae8b1bcc0,0xd5434da8209c9453ea7646ab4e9757c5c9271a69,54.56680761,AVAX,Block 009280025 - 009533627.csv
,0xc10aab03bbf2e596549017501e014334c534ba56ccf8d401e0c77ef243c43157,9477004,1642003618,1/12/2022 16:06,0x0c8f6507abb481891a762985feb53431c8a29d86,0xdae373f65873a76fe4e65b429621651ae8b1bcc0,0.852331792,AVAX,Block 009280025 - 009533627.csv
,0xd6fc6cde6fb118adb20fae0c0e7218f153f1c7be004964df44612d5c2bd8e06c,9477005,1642003621,1/12/2022 16:07,0xebb361616ef9a442c30bfa5aae71174827dedf87,0x0c8f6507abb481891a762985feb53431c8a29d86,0.084376858,AVAX,Block 009280025 - 009533627.csv
,0x97bffade8dd858b0de4f95c060088dc45e3670bd9fe94c34baef4a0aa0757f60,9477005,1642003621,1/12/2022 16:07,0x46a6a89fddef90539121091636ef9f264d7a5a56,0xdae373f65873a76fe4e65b429621651ae8b1bcc0,0.143614672,AVAX,Block 009280025 - 009533627.csv
,0x52f45ceca332462e47c289777872153ca7c7d551fee9637478f1a0d10c07b235,9477468,1642004546,1/12/2022 16:22,0xab094ee40a4dca2ced60c9e4e3c3faac46e12a00,0xdae373f65873a76fe4e65b429621651ae8b1bcc0,30,AVAX,Block 009280025 - 009533627.csv
,0x417808bfa208d19883c4d5a25a9efd5a0b00ccead4d4edf646573d4e7d4e4010,9486862,1642022810,1/12/2022 21:26,0xdae373f65873a76fe4e65b429621651ae8b1bcc0,0x0c8f6507abb481891a762985feb53431c8a29d86,0.22201797,AVAX,Block 009280025 - 009533627.csv
,0x20f5acdeaf017b6fc0f670e65b43e197108704c0610855866387e2e8adfee7a4,9488073,1642025227,1/12/2022 22:07,0xdae373f65873a76fe4e65b429621651ae8b1bcc0,0xbbc2aa4c23f3d2a350e2fce98e413d63cae3c482,2.190658407,AVAX,Block 009280025 - 009533627.csv
,0xef1b84fea75ae219ced015b65206551c4a67e36a2646a107f91ef696938fecac,9495079,1642039160,1/13/2022 1:59,0x1d61cf397aabc2c86a0fcf7004d56a54f571c9f2,0xdae373f65873a76fe4e65b429621651ae8b1bcc0,0.155657471,AVAX,Block 009280025 - 009533627.csv
,0x37796f9efce03742d653393c02acaa38f97dd9b9c16ab5d9d0cd2374e1b7ec4b,9520435,1642089602,1/13/2022 16:00,0xab094ee40a4dca2ced60c9e4e3c3faac46e12a00,0xdae373f65873a76fe4e65b429621651ae8b1bcc0,25,AVAX,Block 009280025 - 009533627.csv
,0x63cfa62e89679f6209505f274b409379fd41b02b28e32fafd5930b4a879aa8a3,9520956,1642090599,1/13/2022 16:16,0x0000000000000000000000000000000000000000,0xd8c9c5131fb5d4dc97de44f50bfacf01d8004173,4000,AVAX,Block 009280025 - 009533627.csv
,0xa92320149546a6d952dd86df846b57b777c923a4581c4c03bd33fcaac4913e02,9533627,1642115553,1/13/2022 23:12,0xdae373f65873a76fe4e65b429621651ae8b1bcc0,0xab094ee40a4dca2ced60c9e4e3c3faac46e12a00,26.85420718,AVAX,Block 009280025 - 009533627.csv
