ID,Txhash,Blockno,UnixTimestamp,DateTime,From,To,Quantity,Method,FileName
,0xb5e61d9d1d1b6fa3cd8d6c20a69d0581fde370b41aa46b119926d6d1c1559aae,1255911,1641658404,1/8/2022 16:13,0x8712510dd055921a0067a576153cc062bd8acd3a,0xab094ee40a4dca2ced60c9e4e3c3faac46e12a00,26.592259800000000,MoonRiver,Block 001255911 - 001290748.csv
,0x859bc19cbb22ed6c3fa677fbb1ca430e6f47d8633837d3c51c71cd1bd9b169f2,1259946,1641709548,1/9/2022 6:25,0x5acfd914f2dfd41f07f27407bd7936f43d0db167,0x5acfd914f2dfd41f07f27407bd7936f43d0db167,0.000019200000000,MoonRiver,Block 001255911 - 001290748.csv
,0xc3ef57ea56c5b425420013ece51f22bbeef845ff7d6770398dc6bd6f8b1fd192,1271288,1641854502,1/10/2022 22:41,0x8712510dd055921a0067a576153cc062bd8acd3a,0xab094ee40a4dca2ced60c9e4e3c3faac46e12a00,55.379322800000000,MoonRiver,Block 001255911 - 001290748.csv
,0x39c81fca83ce2d25f5a7aca70319e40d96da22036642161fc9f6e88f53305e35,1271290,1641854526,1/10/2022 22:42,0x7d7bee6410420225b46ed8754e00f3d9b29afbd5,0x8712510dd055921a0067a576153cc062bd8acd3a,0.224355246000000,MoonRiver,Block 001255911 - 001290748.csv
,0xec5307f81fd5edcfc6133ca45fa146120a9e04ba72b929729dc5869ba4576e43,1275177,1641904416,1/11/2022 12:33,0x7d7bee6410420225b46ed8754e00f3d9b29afbd5,0x8712510dd055921a0067a576153cc062bd8acd3a,0.137482675000000,MoonRiver,Block 001255911 - 001290748.csv
,0xb1c99936ae7e4e6a26db95fb6f49446f383abf8638c7fe266cb90a3d3014bf11,1276288,1641919092,1/11/2022 16:38,0xfff758bceb9bbb8828af20d03f4de38e1bd8d817,0x8712510dd055921a0067a576153cc062bd8acd3a,50.000000000000000,MoonRiver,Block 001255911 - 001290748.csv
,0x83eb8f0b2b1137b4fd6e07be8733c0695af5d7af00df8cc2ff208d96a75cd879,1276290,1641919116,1/11/2022 16:38,0x8712510dd055921a0067a576153cc062bd8acd3a,0xdc25d65ab555d46ea3797830db49b2fb9038d0a7,0.134986767000000,MoonRiver,Block 001255911 - 001290748.csv
,0x83eb8f0b2b1137b4fd6e07be8733c0695af5d7af00df8cc2ff208d96a75cd879,1276290,1641919116,1/11/2022 16:38,0xdc25d65ab555d46ea3797830db49b2fb9038d0a7,0x7d7bee6410420225b46ed8754e00f3d9b29afbd5,0.134986767000000,MoonRiver,Block 001255911 - 001290748.csv
,0x6916c48e7ffa70725db910176a02d0e8bab8a5b39da39a56582d30089fc0a59a,1276321,1641919488,1/11/2022 16:44,0x8712510dd055921a0067a576153cc062bd8acd3a,0xab094ee40a4dca2ced60c9e4e3c3faac46e12a00,26.576936680000000,MoonRiver,Block 001255911 - 001290748.csv
,0x637024abae7dde0b863c3d1859fc1d8802f7c9b10c85b0856e5b52a089c17629,1277928,1641940446,1/11/2022 22:34,0x8712510dd055921a0067a576153cc062bd8acd3a,0xab094ee40a4dca2ced60c9e4e3c3faac46e12a00,27.282504930000000,MoonRiver,Block 001255911 - 001290748.csv
,0xdcf352c92905d21a0b2da551ec050c9ffeb09a74c909657918e2012e5f738ee6,1277930,1641940470,1/11/2022 22:34,0x7d7bee6410420225b46ed8754e00f3d9b29afbd5,0x8712510dd055921a0067a576153cc062bd8acd3a,0.169149025000000,MoonRiver,Block 001255911 - 001290748.csv
,0x78cf31d67ba5cdf0eb75c327a90ef49ba9cea8d869e953b966cbb4670c7ed87f,1279564,1641961542,1/12/2022 4:25,0xcbbbbe4a40962d1ba0108f854ef7de5ca072af00,0xa2ffadd70ecaeb7d918c34910e9fd8a3b66b4c51,0.064606386000000,MoonRiver,Block 001255911 - 001290748.csv
,0x78cf31d67ba5cdf0eb75c327a90ef49ba9cea8d869e953b966cbb4670c7ed87f,1279564,1641961542,1/12/2022 4:25,0xa2ffadd70ecaeb7d918c34910e9fd8a3b66b4c51,0x8712510dd055921a0067a576153cc062bd8acd3a,0.064606386000000,MoonRiver,Block 001255911 - 001290748.csv
,0x2de58fb480de44967f6d61fbffc93e8b50168b0b97e84bbef5ff492cfe5bc30a,1281854,1641991272,1/12/2022 12:41,0x8712510dd055921a0067a576153cc062bd8acd3a,0xab094ee40a4dca2ced60c9e4e3c3faac46e12a00,27.649737650000000,MoonRiver,Block 001255911 - 001290748.csv
,0x0cfa44d28164c422b2b5c835ec639e1d9eb156201d79dd7c7a52a6979a5f4886,1282246,1641996258,1/12/2022 14:04,0x7d7bee6410420225b46ed8754e00f3d9b29afbd5,0xa2ffadd70ecaeb7d918c34910e9fd8a3b66b4c51,0.090725821000000,MoonRiver,Block 001255911 - 001290748.csv
,0x0cfa44d28164c422b2b5c835ec639e1d9eb156201d79dd7c7a52a6979a5f4886,1282246,1641996258,1/12/2022 14:04,0xa2ffadd70ecaeb7d918c34910e9fd8a3b66b4c51,0x8712510dd055921a0067a576153cc062bd8acd3a,0.090725821000000,MoonRiver,Block 001255911 - 001290748.csv
,0x07f7de707fcc2936fbbf74de3cd83ea81323ec39f026bb15894d94ef03dbc847,1282622,1642001058,1/12/2022 15:24,0x8712510dd055921a0067a576153cc062bd8acd3a,0x796a716e8ce3b4f4c2f286674185d6e92b48407a,1.000000000000000,MoonRiver,Block 001255911 - 001290748.csv
,0xec6c8b85a82dee318a8915c726532f5602254d2ce253a7ba7c94a85479af1e63,1283864,1642017120,1/12/2022 19:52,0xfff758bceb9bbb8828af20d03f4de38e1bd8d817,0x8712510dd055921a0067a576153cc062bd8acd3a,25.000000000000000,MoonRiver,Block 001255911 - 001290748.csv
,0x8df972a031e0842dbe20497ab9b71acb919463486df572b5ebb9bbb99015ba95,1284364,1642023690,1/12/2022 21:41,0x8712510dd055921a0067a576153cc062bd8acd3a,0xab094ee40a4dca2ced60c9e4e3c3faac46e12a00,28.199149450000000,MoonRiver,Block 001255911 - 001290748.csv
,0x797e7fd976aa037e6e5889b5ad86f9bea9f0f0975902dd571a229090571a6444,1287932,1642069098,1/13/2022 10:18,0x5acfd914f2dfd41f07f27407bd7936f43d0db167,0x5acfd914f2dfd41f07f27407bd7936f43d0db167,0.000019200000000,MoonRiver,Block 001255911 - 001290748.csv
,0x5874bcbe0888a10ce0c31d07aa8911e9f6815a7ef8611b0ebc5fe41fe1744c70,1289540,1642090206,1/13/2022 16:10,0xfff758bceb9bbb8828af20d03f4de38e1bd8d817,0x8712510dd055921a0067a576153cc062bd8acd3a,50.000000000000000,MoonRiver,Block 001255911 - 001290748.csv
,0xb1f4d5df818201cff96a2777210a16e7a9f0e523861fefc70a8289e4efa48c0c,1289646,1642091598,1/13/2022 16:33,0x8712510dd055921a0067a576153cc062bd8acd3a,0xdc25d65ab555d46ea3797830db49b2fb9038d0a7,0.136860316000000,MoonRiver,Block 001255911 - 001290748.csv
,0xb1f4d5df818201cff96a2777210a16e7a9f0e523861fefc70a8289e4efa48c0c,1289646,1642091598,1/13/2022 16:33,0xdc25d65ab555d46ea3797830db49b2fb9038d0a7,0x7d7bee6410420225b46ed8754e00f3d9b29afbd5,0.136860316000000,MoonRiver,Block 001255911 - 001290748.csv
,0xcc73da52e1d0733dd47ff738327d2d394f9b37d3829378b0d7ded681544d37d6,1290078,1642097370,1/13/2022 18:09,0x8712510dd055921a0067a576153cc062bd8acd3a,0xab094ee40a4dca2ced60c9e4e3c3faac46e12a00,26.645116550000000,MoonRiver,Block 001255911 - 001290748.csv
,0x296d9b9ffbde0884ccf7ef801ddb66b327d508202ec895235e3044bb464a451e,1290747,1642106280,1/13/2022 20:38,0x8712510dd055921a0067a576153cc062bd8acd3a,0xab094ee40a4dca2ced60c9e4e3c3faac46e12a00,27.276374810000000,MoonRiver,Block 001255911 - 001290748.csv
,0x1a85f99c54a6c711d21f73556b3ca477692aae78c86c3e202f416a1ec6f9a4cb,1290748,1642106298,1/13/2022 20:38,0x7d7bee6410420225b46ed8754e00f3d9b29afbd5,0xa2ffadd70ecaeb7d918c34910e9fd8a3b66b4c51,0.156990624000000,MoonRiver,Block 001255911 - 001290748.csv
,0x1a85f99c54a6c711d21f73556b3ca477692aae78c86c3e202f416a1ec6f9a4cb,1290748,1642106298,1/13/2022 20:38,0xa2ffadd70ecaeb7d918c34910e9fd8a3b66b4c51,0x8712510dd055921a0067a576153cc062bd8acd3a,0.156990624000000,MoonRiver,Block 001255911 - 001290748.csv
