ID,blockHash,blockNumber,timestamp,DateTime,from,to,value,method,filename
,0x676b6a4adb79f3bd6f1897148a9eed4ae4d2588eb74a11506c910a462c7d8fc7,19465409,1637020046,11/15/2021 23:47,one1s47qxu7y6t5tg8pcp6a8e88qq3v7yz77xvf6ed,one1rv4uy6plsklmn3xfp6pj9432yzuhe7raz8fk60,0,HarmonyOne,HarmonyOne
,0xd98a8180071a3bb76cba4f755935d783a1b3fae190025823206c7318ee256c38,19497728,1637105624,11/16/2021 23:33,one1s47qxu7y6t5tg8pcp6a8e88qq3v7yz77xvf6ed,one1rv4uy6plsklmn3xfp6pj9432yzuhe7raz8fk60,0,HarmonyOne,HarmonyOne
,0x63ecb5ded77d777edd09257c3dd07b0326ed88c02a726d79bdf5c8d811a54c10,19497757,1637105712,11/16/2021 23:35,one1s47qxu7y6t5tg8pcp6a8e88qq3v7yz77xvf6ed,one1rv4uy6plsklmn3xfp6pj9432yzuhe7raz8fk60,0,HarmonyOne,HarmonyOne
,0x79db6fa62f02aed3f25d30d7e88ce77475fbaf4665959afd231f6c12d14ae003,19520331,1637165975,11/17/2021 16:19,one1ty3tpwaw2xp09dcxp86al5y00kjkradylrplrx,one1rv4uy6plsklmn3xfp6pj9432yzuhe7raz8fk60,0,HarmonyOne,HarmonyOne
,0xc379f89deeea692615288f626f592d65d8224bf306debc5b8855a9a83a6387b7,19522163,1637170658,11/17/2021 17:37,one17tgkmeehc3mqfdu7ylu25nlzkzunghnmegfcz0,one1rv4uy6plsklmn3xfp6pj9432yzuhe7raz8fk60,0,HarmonyOne,HarmonyOne
,0xd4f0735006f0f6d4a6766d1fc041fd53726fdc07181bd8f5c18c8e7ce27a4d20,19522175,1637170689,11/17/2021 17:38,one1q57thh6m60mljn3mcdjtfgnka3wu6v3rpzsa30,one1rv4uy6plsklmn3xfp6pj9432yzuhe7raz8fk60,0,HarmonyOne,HarmonyOne
,0x2545c742b5039fb5a17e7d8dd2056ad0a8a135b8e7fdb0266acb39025ff2f5eb,19522455,1637171416,11/17/2021 17:50,one1xswcn49a5pzwj8v0dv89anz0h4flug9qvwldw5,one1rv4uy6plsklmn3xfp6pj9432yzuhe7raz8fk60,0,HarmonyOne,HarmonyOne
,0x2d126724aa2452ee59aef8e95742ba74176d9498e08402142195ec09cbb57e55,19522857,1637172447,11/17/2021 18:07,one1llsq0kyg267jqgd3k4axcgwmldkqrststu4dv9,one1rv4uy6plsklmn3xfp6pj9432yzuhe7raz8fk60,0,HarmonyOne,HarmonyOne
,0xce4cf0a359b7a22d2e7cafba7e14f5d38cc60aa45e302d253dd20ba911bac214,19523322,1637173648,11/17/2021 18:27,one1d9zkkzs46vzes0pjmr023etvqh2c2jjksm4emt,one1rv4uy6plsklmn3xfp6pj9432yzuhe7raz8fk60,0,HarmonyOne,HarmonyOne
,0xe4d292812da13ab7bb337651602f46347c9418fdac6a27c853accee747f22edb,19525187,1637178439,11/17/2021 19:47,one1rx8agmypautl5h2mtykwq5et56caf2ku5nj2h7,one1rv4uy6plsklmn3xfp6pj9432yzuhe7raz8fk60,0,HarmonyOne,HarmonyOne
,0x036ae6a14a6643eb9aacea9ccc121a1b38776038e653ec566b9c932be2ae6e58,19528612,1637186955,11/17/2021 22:09,one1dyalamlst2087wz8dn7vu3e6usmwp6z3r8je6l,one1rv4uy6plsklmn3xfp6pj9432yzuhe7raz8fk60,0,HarmonyOne,HarmonyOne
,0x196f452434febea41935bf771b5e633c0a399d35d3a6b5e54c9dce719308e236,19528654,1637187066,11/17/2021 22:11,one127p6pnfx9nx6h249lq3lclkyzftss7ug4mt8sm,one1rv4uy6plsklmn3xfp6pj9432yzuhe7raz8fk60,0,HarmonyOne,HarmonyOne
,0x3afd54364ad6b8b02875ae75567d7115e0045ce49959cf88be365234ce4ac983,19528702,1637187183,11/17/2021 22:13,one192au7gy2yvr6w5al0l8qm0au6kyf8cj4ul0h4u,one1rv4uy6plsklmn3xfp6pj9432yzuhe7raz8fk60,0,HarmonyOne,HarmonyOne
,0x96d7e95c504d903342396c63b38e7ffe446754682d573459a2be4ef630bf5329,19528795,1637187430,11/17/2021 22:17,one1dh0p4dv9gn2g8jttwnlcypz59kdeqd3q6zr2d4,one1rv4uy6plsklmn3xfp6pj9432yzuhe7raz8fk60,0,HarmonyOne,HarmonyOne
,0xe6c5bddc349d33b4e9d4a57421a6cc2da7edbfb4ba1b36664aff8e139b6e4dbf,19529118,1637188262,11/17/2021 22:31,one1dqymmhzethpk4f9t94cd7j0694lkk0h0gh9juj,one1rv4uy6plsklmn3xfp6pj9432yzuhe7raz8fk60,0,HarmonyOne,HarmonyOne
,0xb763e9c81b42634c455a496abbe06899b345d71351a0ed4063628100ab3cc2b2,19529674,1637189698,11/17/2021 22:54,one10gph82rcj43d6wfr60pp9cjfuh5gwg7096r0y9,one1rv4uy6plsklmn3xfp6pj9432yzuhe7raz8fk60,0,HarmonyOne,HarmonyOne
,0x9dc03edee313bbc0fdd756a3401ff16df3db6d927c31278e27264c5218a8ef0a,19533208,1637198993,11/18/2021 1:29,one1el52qsgtc9asvyq9unce28r8tctlt98chy32lv,one1rv4uy6plsklmn3xfp6pj9432yzuhe7raz8fk60,0,HarmonyOne,HarmonyOne
,0x481f21cbb6806eb4ec99e9f8f9275cbfb9ef01e96de0626487e3ef6f530d5173,19537883,1637211699,11/18/2021 5:01,one1mcr2g5lwn0atzu29xtyyjh3e80vvur2ksl7gnk,one1rv4uy6plsklmn3xfp6pj9432yzuhe7raz8fk60,0,HarmonyOne,HarmonyOne
,0xcefed8de4b5899d187c45beaf9eb588e6604ec42c776e92a35085f51247bf732,19538452,1637213195,11/18/2021 5:26,one1wzuzadene330ysqfhkd36hwmre42a9m9kx7g4t,one1rv4uy6plsklmn3xfp6pj9432yzuhe7raz8fk60,0,HarmonyOne,HarmonyOne
,0xffa3529f76cb1f1f7c493775239999c166518611bab624890c0ff45e0c8550de,19548857,1637239800,11/18/2021 12:50,one1ph6q0eejcvllqretpfuewacrgmwmqe9xqjrksf,one1rv4uy6plsklmn3xfp6pj9432yzuhe7raz8fk60,0,HarmonyOne,HarmonyOne
,0xdae1426cd787d9d7ebbb06ba568b09466eaef6e1f2f2d723deec068c93119fce,19556974,1637261200,11/18/2021 18:46,one1qvmhnlkqx2x0me9tg0cf2tyykp9fcmgyelfm9x,one1rv4uy6plsklmn3xfp6pj9432yzuhe7raz8fk60,0,HarmonyOne,HarmonyOne
,0x0d18a372b9b45b913dbd20cf7f7cbdcca08d6b1eb4600854a14326cd81f8a725,19567881,1637290556,11/19/2021 2:55,one1sl9v4au843mtgmpe2wn4vc47qv2dfpdj5x805y,one1rv4uy6plsklmn3xfp6pj9432yzuhe7raz8fk60,0,HarmonyOne,HarmonyOne
,0x52f9b13bb670a9cc945b67750e85c98a2e269a6e9e152ec6fcee8d0b1892f173,19603252,1637385064,11/20/2021 5:11,one1hnq28x3gtnaa4m57ywa9ghxjlndux2m50cu3z2,one1rv4uy6plsklmn3xfp6pj9432yzuhe7raz8fk60,0,HarmonyOne,HarmonyOne
,0x8d107bdbbbba32a60f6407336ec1bec4ec2a34aa590c7f114eee56cc2155fcbf,19603287,1637385158,11/20/2021 5:12,one1hnq28x3gtnaa4m57ywa9ghxjlndux2m50cu3z2,one1rv4uy6plsklmn3xfp6pj9432yzuhe7raz8fk60,0,HarmonyOne,HarmonyOne
,0xd271b26c996d56623dedb24d54fe21a3f774dedf7d21b52003117e532fccf428,19612485,1637410071,11/20/2021 12:07,one1k5e4ngyc3hva8vxzjq8warlwzchjhaedhymtle,one1rv4uy6plsklmn3xfp6pj9432yzuhe7raz8fk60,0,HarmonyOne,HarmonyOne
,0x5b4060b5510c806c2f5db10ccb4485127a2c96f64abbe7f399fe92c069b2dccb,19672003,1637570234,11/22/2021 8:37,one1u237ahk6n3ml6rejextdjj3xrkd9e539e4ty95,one1rv4uy6plsklmn3xfp6pj9432yzuhe7raz8fk60,0,HarmonyOne,HarmonyOne
,0x6e05c249b152edb435c00222c8f2d5853237da1887e4d86f40c21b637001951b,19771692,1637839296,11/25/2021 11:21,one160kc8u54pscrssk7h5f53mgcncu46nm95es36h,one1rv4uy6plsklmn3xfp6pj9432yzuhe7raz8fk60,0,HarmonyOne,HarmonyOne
,0x3d8b2d3eac7660945701a0155f899911116d78d8e8a1897db7e5c25226f9d707,19774656,1637846997,11/25/2021 13:29,one1evfxx2stp3guvl780js79mmgjz7mjgnx34fltu,one1rv4uy6plsklmn3xfp6pj9432yzuhe7raz8fk60,0,HarmonyOne,HarmonyOne
,0xfbebebee7cf2e84f1b12879be906c5a11fc8c4284dd1ee2d0514bac2d02fd3c6,19814518,1637953927,11/26/2021 19:12,one1rhtxa0ch80xj96g2j3hcyght6pp9wlr0xqyf0f,one1rv4uy6plsklmn3xfp6pj9432yzuhe7raz8fk60,0,HarmonyOne,HarmonyOne
,0x4cffd02b1248fcb786eb43354fe228cd9dadef15464fbde393ab8ecd8c3ee191,19820257,1637968339,11/26/2021 23:12,one1yt85scdtu5n5ng4nrdsn26eyyq2sg9vxmn5syc,one1rv4uy6plsklmn3xfp6pj9432yzuhe7raz8fk60,0,HarmonyOne,HarmonyOne
,0x99821af163b0bad594bcf3e995a24688a4152bdc637a90c63b52e137fd9d7ccd,19914400,1638222613,11/29/2021 21:50,one1258zsrktejf2n3zzvwnlu22swfvj8qqnee6zkq,one1rv4uy6plsklmn3xfp6pj9432yzuhe7raz8fk60,0,HarmonyOne,HarmonyOne
,0xa8df19a260df292a1cf55bba317389b2a0462c55767df69ae070ba6397d40576,19918762,1638232393,11/30/2021 0:33,one1jlxu7mh6dxv83eqv6lj0fpdv3naxexurpmgfvc,one1rv4uy6plsklmn3xfp6pj9432yzuhe7raz8fk60,0,HarmonyOne,HarmonyOne
,0x5c6c672475e5f791f769abff497957210f772d41c57ff26105369fbc8863afb4,19986197,1638427680,12/2/2021 6:48,one1tt8aj98jml2p7pljwsrm67fk7s7smvt86ezq69,one1rv4uy6plsklmn3xfp6pj9432yzuhe7raz8fk60,0,HarmonyOne,HarmonyOne
,0x08263ca4f7fcd55b2a925581bcaea32b0926d4aff2e1d6007d309df494d6e754,20112402,1638708038,12/5/2021 12:40,one1pszl3kq0k37x3ctfe6z6p56lwl5c62vangq6dk,one1rv4uy6plsklmn3xfp6pj9432yzuhe7raz8fk60,0,HarmonyOne,HarmonyOne
,0x2dd0a6b7f6040c62f3942f8cb5fdf4ee5b479ca64ad8ebd7bd6046d23ba49b0e,20137146,1638761010,12/6/2021 3:23,one13tvzhyqdfyhcq0pz70nvqj9xvjvd2utrnvns7j,one1rv4uy6plsklmn3xfp6pj9432yzuhe7raz8fk60,0,HarmonyOne,HarmonyOne
,0x495656c0c2cb152ae3d637a1b2af7d7a0fe818a91876ed4571ea5692980b2bc8,20170807,1638834897,12/6/2021 23:54,one13qpup7shcuzsqqyftvfpwrtwgy4y3mxjdy845l,one1rv4uy6plsklmn3xfp6pj9432yzuhe7raz8fk60,0,HarmonyOne,HarmonyOne
,0xc3cce8df773ad2eb5d9f5bb7d7115834fdad5349af7ea5e475f1f157f0b11280,20383993,1639286157,12/12/2021 5:15,one1tt8aj98jml2p7pljwsrm67fk7s7smvt86ezq69,one1rv4uy6plsklmn3xfp6pj9432yzuhe7raz8fk60,0,HarmonyOne,HarmonyOne
,0x24c2959b5dff8eaf7235e1e495ce8f9c4df48cd91c7c9711bbfb7dbc05f31815,20417792,1639357954,12/13/2021 1:12,one1ty3tpwaw2xp09dcxp86al5y00kjkradylrplrx,one1rv4uy6plsklmn3xfp6pj9432yzuhe7raz8fk60,0,HarmonyOne,HarmonyOne
,0x5482f43d6a9395b93c5e79e0d3f6c46dbe2788c8eec0ff603cfaa666018714db,20444785,1639415700,12/13/2021 17:15,one1llm4308tnwacs290yrgr7n0r3cda3kqh8qxe7j,one1rv4uy6plsklmn3xfp6pj9432yzuhe7raz8fk60,0,HarmonyOne,HarmonyOne
,0x28a36a1fb60c060994fdc7d74dedd23b7e3b412bce6a528d0bc7ab7f1cb96a94,20486355,1639505501,12/14/2021 18:11,one1llm4308tnwacs290yrgr7n0r3cda3kqh8qxe7j,one1rv4uy6plsklmn3xfp6pj9432yzuhe7raz8fk60,0,HarmonyOne,HarmonyOne
,0xa55d0d7f12255b6324bfa599172950b319f4d37effbba60e6240580be0f87124,20770773,1640096863,12/21/2021 14:27,one14vy5aeq2fh9zemtqe8jw8sl643rwz2sq52fc98,one1rv4uy6plsklmn3xfp6pj9432yzuhe7raz8fk60,0,HarmonyOne,HarmonyOne
,0x934251fffac9235df21d15aaa5b601210616e4ef0a11030f7f404dc5568d715f,21108376,1640832879,12/30/2021 2:54,one10c9vrxh8kdrjrg2aar4qwh0u4zqv7pq0xul2pw,one1rv4uy6plsklmn3xfp6pj9432yzuhe7raz8fk60,0,HarmonyOne,HarmonyOne
,0x81f42276a88bfd79534f6e6f9828e1857db1d428c71782644017086f5e9d58ef,21404054,1641467326,1/6/2022 11:08,one173sldl25k2s8h32tkd28npsetafdxzjqn0uw7t,one1rv4uy6plsklmn3xfp6pj9432yzuhe7raz8fk60,0,HarmonyOne,HarmonyOne
,0xfcf6cf348c2e308769aabe7cd71541c4bbc229c7154afcc01925c4ba70a63968,21450559,1641571804,1/7/2022 16:10,one1k5e4ngyc3hva8vxzjq8warlwzchjhaedhymtle,one1rv4uy6plsklmn3xfp6pj9432yzuhe7raz8fk60,0,HarmonyOne,HarmonyOne
,0x7a89bd04df3eae81c21037783f29e37502d5ef6e70c5b90a383a5b213183fe8a,21463974,1641603778,1/8/2022 1:02,one14vy5aeq2fh9zemtqe8jw8sl643rwz2sq52fc98,one1rv4uy6plsklmn3xfp6pj9432yzuhe7raz8fk60,0,HarmonyOne,HarmonyOne
