ID,Txhash,Blockno,UnixTimestamp,DateTime,From,To,Quantity,Method,FileName
,0xb76ac1e9480d933bb50fb3b7a231355bb9acef129674b45dd0a39664828f7538,12694701,1624508358,6/24/2021 4:19,0x0000000000000000000000000000000000000000,0x5922b0bbae5182f2b70609f5dfd08f7da561f5a4,1000000,ETH,06012021-06302021.csv
,0x31bb86eafb56e8a53e90cba88db12ee8567f3235142c34a1547f96a25f8025c3,12694953,1624511748,6/24/2021 5:15,0x5922b0bbae5182f2b70609f5dfd08f7da561f5a4,0x4dc5959f2f8785f729cbf1699ec6f8b2cb5e00c4,10,ETH,06012021-06302021.csv
,0x244d3f1f571db5d203d25483f7128c99faa885a5df34b5f8ecb86448b85c1f05,12694978,1624512092,6/24/2021 5:21,0x5922b0bbae5182f2b70609f5dfd08f7da561f5a4,0x4dc5959f2f8785f729cbf1699ec6f8b2cb5e00c4,1,ETH,06012021-06302021.csv
,0x1c0bc8e3eac0b681076be4437fbcf4122ee7393cbce187fde37ba440dfab6eb0,12737379,1625082668,6/30/2021 19:51,0x5922b0bbae5182f2b70609f5dfd08f7da561f5a4,0x4dc5959f2f8785f729cbf1699ec6f8b2cb5e00c4,12222.14,ETH,06012021-06302021.csv
